player_name,team_abbr,pos,age,G,GS,MP,FG%,3P%,FT%,TRB,AST,STL,BLK,TOV,PTS,PER,TS%,USG%,WS,WS/48,BPM,VORP,salary,team_name,wins,losses,Win_PCT,home_record,road_record,conference,overall_rank,ws_per_million
Shai Gilgeous-Alexander,OKC,PG,26.0,76.0,76.0,34.2,0.519,0.375,0.898,5.0,6.4,1.7,1.0,2.4,32.7,30.7,0.637,34.8,16.7,0.309,11.5,8.9,35859950,Oklahoma City Thunder,68,14,0.829,35-6,32-8,West,1,0.4657005935591098
Giannis Antetokounmpo,MIL,PF,30.0,67.0,67.0,34.2,0.601,0.222,0.617,11.9,6.5,0.9,1.2,3.1,30.4,30.5,0.625,35.2,11.5,0.241,9.5,6.6,48787676,Milwaukee Bucks,48,34,0.585,27-14,20-20,East,11,0.2357152654699109
Nikola Jokic,DEN,C,29.0,70.0,70.0,36.7,0.576,0.417,0.8,12.7,10.2,1.8,0.6,3.3,29.6,32.0,0.663,29.5,16.4,0.307,13.3,9.8,51415938,Denver Nuggets,50,32,0.61,26-15,24-17,West,6,0.31896724319217906
Anthony Edwards,MIN,SG,23.0,79.0,79.0,36.3,0.447,0.395,0.837,5.7,4.5,1.2,0.6,3.2,27.6,20.1,0.595,31.4,8.4,0.14,4.3,4.6,42176400,Minnesota Timberwolves,49,33,0.598,25-16,24-17,West,10,0.19916351324437365
Jayson Tatum,BOS,PF,26.0,72.0,72.0,36.4,0.452,0.343,0.814,8.7,6.0,1.1,0.5,2.9,26.8,21.7,0.582,31.2,9.5,0.174,5.2,4.8,34848340,Boston Celtics,61,21,0.744,28-13,33-8,East,3,0.27260982876085343
Kevin Durant,PHO,PF,36.0,62.0,62.0,36.5,0.527,0.43,0.839,6.0,4.2,0.8,1.2,3.1,26.6,21.2,0.642,28.7,5.2,0.111,3.2,3.0,51179021,Phoenix Suns,36,46,0.439,24-17,12-29,West,21,0.10160413189615332
Tyrese Maxey,PHI,PG,24.0,52.0,52.0,37.7,0.437,0.337,0.879,3.3,6.1,1.8,0.4,2.4,26.3,19.5,0.562,29.8,3.8,0.094,2.0,2.0,35147000,Philadelphia 76ers,24,58,0.293,12-29,12-29,East,26,0.10811733576123139
Cade Cunningham,DET,PG,23.0,70.0,70.0,35.0,0.469,0.356,0.846,6.1,9.1,1.0,0.8,4.4,26.1,20.6,0.565,33.2,5.9,0.115,3.9,3.7,13940658,Detroit Pistons,44,38,0.537,22-19,22-19,East,14,0.42322249064570694
Jalen Brunson,NYK,PG,28.0,65.0,65.0,35.4,0.488,0.383,0.821,2.9,7.3,0.9,0.1,2.5,26.0,21.6,0.605,29.5,8.3,0.172,3.3,3.1,24960001,New York Knicks,51,31,0.622,27-14,24-17,East,5,0.3325320379594537
Paolo Banchero,ORL,PF,22.0,46.0,46.0,34.4,0.452,0.32,0.727,7.5,4.8,0.8,0.6,3.0,25.9,20.0,0.551,33.6,3.5,0.106,3.5,2.2,12160800,Orlando Magic,41,41,0.5,22-19,19-22,East,15,0.2878100124991777
Devin Booker,PHO,SG,28.0,75.0,75.0,37.3,0.461,0.332,0.894,4.1,7.1,0.9,0.2,2.9,25.6,19.3,0.589,29.3,6.4,0.111,0.4,1.7,49205800,Phoenix Suns,36,46,0.439,24-17,12-29,West,21,0.13006596783306032
LaMelo Ball,CHO,PG,23.0,47.0,47.0,32.0,0.405,0.339,0.843,4.9,7.4,1.1,0.3,3.6,25.2,19.1,0.536,35.9,2.0,0.065,3.2,2.0,35147000,Charlotte Hornets,19,63,0.232,12-29,7-34,East,28,0.056903860926963895
Damian Lillard,MIL,PG,34.0,58.0,58.0,36.1,0.448,0.376,0.921,4.7,7.1,1.2,0.2,2.8,24.9,21.3,0.621,27.8,7.6,0.175,4.0,3.2,48787676,Milwaukee Bucks,48,34,0.585,27-14,20-20,East,11,0.155777045006202
Kyrie Irving,DAL,SG,32.0,50.0,50.0,36.1,0.473,0.401,0.916,4.8,4.6,1.3,0.5,2.2,24.7,19.9,0.594,27.4,4.6,0.124,3.4,2.5,41000000,Dallas Mavericks,39,43,0.476,22-18,17-25,West,18,0.1121951219512195
Zion Williamson,NOP,PF,24.0,30.0,30.0,28.6,0.567,0.231,0.656,7.2,5.3,1.2,0.9,3.0,24.6,27.3,0.6,34.7,2.5,0.141,7.0,1.9,36725670,New Orleans Pelicans,21,61,0.256,14-27,7-34,West,27,0.06807227751052601
Stephen Curry,GSW,PG,36.0,70.0,70.0,32.2,0.448,0.397,0.933,4.4,6.0,1.1,0.4,2.9,24.5,21.5,0.618,29.8,7.9,0.168,6.3,4.8,55761216,Golden State Warriors,48,34,0.585,24-17,24-17,West,11,0.14167553304432962
LeBron James,LAL,SF,40.0,70.0,70.0,34.9,0.513,0.376,0.782,7.8,8.2,1.0,0.6,3.7,24.4,22.7,0.604,30.1,7.7,0.152,5.6,4.7,48728845,Los Angeles Lakers,50,32,0.61,31-10,19-22,West,6,0.15801728934884463
Karl-Anthony Towns,NYK,C,29.0,72.0,72.0,35.0,0.526,0.42,0.829,12.8,3.1,1.0,0.7,2.7,24.4,23.4,0.63,27.4,10.1,0.193,3.6,3.5,49205800,New York Knicks,51,31,0.622,27-14,24-17,East,5,0.2052603554865483
Victor Wembanyama,SAS,C,21.0,46.0,46.0,33.2,0.476,0.352,0.836,11.0,3.7,1.1,3.8,3.2,24.3,24.2,0.594,30.4,3.8,0.118,6.5,3.3,12768960,San Antonio Spurs,34,48,0.415,20-20,13-27,West,23,0.29759667192942885
Franz Wagner,ORL,SF,23.0,60.0,60.0,33.7,0.463,0.295,0.871,5.7,4.7,1.3,0.4,2.3,24.2,20.1,0.558,31.0,5.6,0.133,3.1,2.6,7007092,Orlando Magic,41,41,0.5,22-19,19-22,East,15,0.7991903060499277
Trae Young,ATL,PG,26.0,76.0,76.0,36.0,0.411,0.34,0.875,3.1,11.6,1.2,0.2,4.7,24.2,18.3,0.567,29.6,5.7,0.1,0.5,1.7,43031940,Atlanta Hawks,40,42,0.488,21-19,19-22,East,16,0.13245974966501628
Donovan Mitchell,CLE,SG,28.0,71.0,71.0,31.4,0.443,0.368,0.823,4.5,5.0,1.3,0.2,2.1,24.0,20.9,0.575,30.9,7.6,0.163,3.7,3.2,35410310,Cleveland Cavaliers,64,18,0.78,34-7,30-11,East,2,0.21462675700946982
Cam Thomas,BRK,SG,23.0,25.0,23.0,31.2,0.438,0.349,0.881,3.3,3.8,0.6,0.1,2.5,24.0,18.0,0.575,32.6,1.2,0.071,0.3,0.5,4041249,Brooklyn Nets,26,56,0.317,12-29,14-27,East,25,0.29693790211887466
Tyler Herro,MIA,SG,25.0,77.0,77.0,35.4,0.472,0.375,0.878,5.2,5.5,0.9,0.2,2.6,23.9,19.7,0.605,28.0,7.4,0.131,3.1,3.5,29000000,Miami Heat,37,45,0.451,19-22,17-23,East,20,0.25517241379310346
Joel Embiid,PHI,C,30.0,19.0,19.0,30.2,0.444,0.299,0.882,8.2,4.5,0.7,0.9,3.3,23.8,23.4,0.58,34.2,1.4,0.118,3.5,0.8,51415938,Philadelphia 76ers,24,58,0.293,12-29,12-29,East,26,0.027228911004210408
Ja Morant,MEM,PG,25.0,50.0,50.0,30.4,0.454,0.309,0.824,4.1,7.3,1.2,0.2,3.7,23.2,19.3,0.563,32.2,3.5,0.112,2.4,1.7,36725670,Memphis Grizzlies,48,34,0.585,26-15,22-19,West,11,0.09530118851473642
James Harden,LAC,PG,35.0,79.0,79.0,35.3,0.41,0.352,0.874,5.8,8.7,1.5,0.7,4.3,22.8,20.0,0.582,29.6,8.3,0.143,4.3,4.4,33653846,LA Clippers,50,32,0.61,30-11,20-21,West,6,0.24662857255601633
Jaylen Brown,BOS,SF,28.0,63.0,63.0,34.3,0.463,0.324,0.764,5.8,4.5,1.2,0.3,2.6,22.2,17.8,0.555,28.9,5.2,0.115,0.0,1.1,49205800,Boston Celtics,61,21,0.744,28-13,33-8,East,3,0.10567859886436151
DeMar DeRozan,SAC,SF,35.0,77.0,77.0,35.9,0.477,0.328,0.857,3.9,4.4,0.8,0.4,1.4,22.2,17.7,0.569,25.0,7.1,0.123,-0.1,1.3,23400000,Sacramento Kings,40,42,0.488,20-21,20-21,West,16,0.3034188034188034
Brandon Ingram,NOP,SF,27.0,18.0,18.0,33.1,0.465,0.374,0.855,5.6,5.2,0.9,0.6,3.8,22.2,16.0,0.56,30.2,0.0,0.001,-0.3,0.3,36016200,New Orleans Pelicans,21,61,0.256,14-27,7-34,West,27,0.0
Jaren Jackson Jr.,MEM,C,25.0,74.0,74.0,29.8,0.488,0.375,0.781,5.6,2.0,1.2,1.5,2.1,22.2,19.6,0.591,28.1,6.4,0.139,2.3,2.4,25257798,Memphis Grizzlies,48,34,0.585,26-15,22-19,West,11,0.2533870925723612
Norman Powell,LAC,SG,31.0,60.0,60.0,32.6,0.484,0.418,0.804,3.2,2.1,1.2,0.2,1.8,21.8,17.5,0.615,26.1,5.3,0.129,1.5,1.8,19241379,LA Clippers,50,32,0.61,30-11,20-21,West,6,0.27544803311654537
Jalen Williams,OKC,SG,23.0,69.0,69.0,32.4,0.484,0.365,0.789,5.3,5.1,1.6,0.7,2.2,21.6,20.3,0.573,27.5,7.8,0.168,4.0,3.4,4775760,Oklahoma City Thunder,68,14,0.829,35-6,32-8,West,1,1.6332479019046182
Kawhi Leonard,LAC,SF,33.0,37.0,37.0,31.9,0.498,0.411,0.81,5.9,3.1,1.6,0.5,1.9,21.5,20.5,0.589,27.7,3.5,0.141,3.1,1.5,49350000,LA Clippers,50,32,0.61,30-11,20-21,West,6,0.07092198581560283
Jamal Murray,DEN,PG,27.0,67.0,67.0,36.1,0.474,0.393,0.886,3.9,6.0,1.4,0.5,2.1,21.4,17.8,0.584,24.0,6.2,0.123,0.8,1.7,36016200,Denver Nuggets,50,32,0.61,26-15,24-17,West,6,0.17214475708153554
Trey Murphy III,NOP,SF,24.0,53.0,51.0,35.0,0.454,0.361,0.887,5.1,3.5,1.1,0.7,1.9,21.2,17.3,0.598,23.7,3.5,0.091,0.8,1.3,5159855,New Orleans Pelicans,21,61,0.256,14-27,7-34,West,27,0.6783136347823727
RJ Barrett,TOR,SF,24.0,58.0,58.0,32.2,0.468,0.35,0.63,6.3,5.4,0.8,0.3,2.8,21.1,16.5,0.547,28.7,2.4,0.061,0.6,1.2,25794643,Toronto Raptors,30,52,0.366,18-23,12-29,East,24,0.09304257477027303
CJ McCollum,NOP,PG,33.0,56.0,56.0,32.7,0.444,0.373,0.717,3.8,4.1,0.8,0.4,1.9,21.1,15.8,0.55,27.2,1.5,0.038,-1.4,0.3,33333333,New Orleans Pelicans,21,61,0.256,14-27,7-34,West,27,0.04500000045
Jalen Green,HOU,SG,22.0,82.0,82.0,32.9,0.423,0.354,0.813,4.6,3.4,0.9,0.3,2.5,21.0,15.1,0.544,27.3,5.1,0.092,0.5,1.7,12483048,Houston Rockets,52,30,0.634,29-12,23-17,West,4,0.4085540646803569
Brandon Miller,CHO,SF,22.0,27.0,27.0,34.2,0.403,0.355,0.861,4.9,3.6,1.1,0.7,2.8,21.0,14.0,0.54,27.7,0.4,0.023,0.0,0.4,11424600,Charlotte Hornets,19,63,0.232,12-29,7-34,East,28,0.035012166727937964
Darius Garland,CLE,PG,25.0,75.0,75.0,30.7,0.472,0.401,0.878,2.9,6.7,1.2,0.1,2.5,20.6,19.9,0.6,27.2,8.1,0.169,3.1,3.0,36725670,Cleveland Cavaliers,64,18,0.78,34-7,30-11,East,2,0.22055417913410427
Jordan Poole,WAS,SG,25.0,68.0,68.0,29.4,0.432,0.378,0.883,3.0,4.5,1.3,0.4,3.0,20.5,16.6,0.591,29.0,2.0,0.047,0.4,1.2,29651786,Washington Wizards,18,64,0.22,8-32,10-31,East,29,0.06744956273460222
Coby White,CHI,SG,24.0,74.0,73.0,33.1,0.453,0.37,0.902,3.7,4.5,0.9,0.2,2.4,20.4,15.5,0.601,24.4,4.5,0.088,-0.9,0.7,12000000,Chicago Bulls,39,43,0.476,18-23,21-20,East,18,0.375
Miles Bridges,CHO,PF,26.0,64.0,64.0,31.7,0.431,0.313,0.87,7.5,3.9,0.7,0.7,2.1,20.3,17.7,0.541,28.0,3.2,0.075,1.8,2.0,27173913,Charlotte Hornets,19,63,0.232,12-29,7-34,East,28,0.11776000018841601
Austin Reaves,LAL,SG,26.0,73.0,73.0,34.9,0.46,0.377,0.877,4.5,5.8,1.1,0.3,2.4,20.2,18.1,0.616,23.7,7.6,0.144,1.9,2.6,12976362,Los Angeles Lakers,50,32,0.61,31-10,19-22,West,6,0.5856803316676893
Pascal Siakam,IND,PF,30.0,78.0,78.0,32.7,0.519,0.389,0.734,6.9,3.4,0.9,0.5,1.4,20.2,19.2,0.599,24.2,7.5,0.142,1.7,2.4,42176000,Indiana Pacers,50,32,0.61,29-11,20-20,East,6,0.17782625189681334
Kristaps Porzingis,BOS,C,29.0,42.0,42.0,28.8,0.483,0.412,0.809,6.8,2.1,0.7,1.5,1.3,19.5,22.3,0.618,25.9,5.3,0.212,4.7,2.1,29268293,Boston Celtics,61,21,0.744,28-13,33-8,East,3,0.18108333137159724
Scottie Barnes,TOR,PF,23.0,65.0,65.0,32.8,0.446,0.271,0.755,7.7,5.8,1.4,1.0,2.8,19.3,17.8,0.523,27.0,3.5,0.078,2.4,2.3,10130980,Toronto Raptors,30,52,0.366,18-23,12-29,East,24,0.34547496885789925
Anfernee Simons,POR,SG,25.0,70.0,70.0,32.7,0.426,0.363,0.902,2.7,4.8,0.9,0.1,2.0,19.3,14.9,0.557,24.6,4.2,0.087,-0.1,1.1,25892857,Portland Trail Blazers,36,46,0.439,22-19,14-27,West,21,0.16220689744665875
Desmond Bane,MEM,SG,26.0,69.0,68.0,32.0,0.484,0.392,0.894,6.1,5.3,1.2,0.4,2.4,19.2,17.9,0.6,23.3,6.5,0.142,3.2,2.9,34005250,Memphis Grizzlies,48,34,0.585,26-15,22-19,West,11,0.19114695524955708
Domantas Sabonis,SAC,C,28.0,70.0,70.0,34.7,0.59,0.417,0.754,13.9,6.0,0.7,0.4,2.9,19.1,22.9,0.655,21.6,10.1,0.199,5.2,4.4,40500000,Sacramento Kings,40,42,0.488,20-21,20-21,West,16,0.2493827160493827
Alperen Sengun,HOU,C,22.0,76.0,76.0,31.5,0.496,0.233,0.692,10.3,4.9,1.1,0.8,2.6,19.1,21.4,0.545,26.2,8.3,0.166,4.4,3.9,5424654,Houston Rockets,52,30,0.634,29-12,23-17,West,4,1.5300515019022412
John Collins,UTA,PF,27.0,40.0,31.0,30.5,0.527,0.399,0.848,8.2,2.0,1.0,1.0,2.6,19.0,19.0,0.628,24.2,2.5,0.098,1.0,0.9,26580000,Utah Jazz,17,65,0.207,10-31,7-34,West,30,0.09405568096313018
Lauri Markkanen,UTA,PF,27.0,47.0,47.0,31.4,0.423,0.346,0.876,5.9,1.5,0.7,0.4,1.4,19.0,15.6,0.571,24.0,2.2,0.07,-0.3,0.7,42176400,Utah Jazz,17,65,0.207,10-31,7-34,West,30,0.05216187251638357
Jalen Johnson,ATL,SF,23.0,36.0,36.0,35.7,0.5,0.312,0.746,10.0,5.0,1.6,1.0,2.9,18.9,17.3,0.569,22.5,2.4,0.089,1.8,1.2,4510905,Atlanta Hawks,40,42,0.488,21-19,19-22,East,16,0.5320440133410036
Cameron Johnson,BRK,PF,28.0,57.0,57.0,31.6,0.475,0.39,0.893,4.3,3.4,0.9,0.4,1.7,18.8,18.2,0.632,22.9,5.1,0.137,3.1,2.3,22500000,Brooklyn Nets,26,56,0.317,12-29,14-27,East,25,0.22666666666666666
Julius Randle,MIN,PF,30.0,69.0,69.0,32.3,0.485,0.344,0.806,7.1,4.7,0.7,0.2,2.8,18.7,17.5,0.593,25.0,6.2,0.134,1.3,1.8,33073920,Minnesota Timberwolves,49,33,0.598,25-16,24-17,West,10,0.18745887998761562
Tyrese Haliburton,IND,PG,24.0,73.0,73.0,33.6,0.473,0.388,0.851,3.5,9.2,1.4,0.7,1.6,18.6,21.8,0.616,21.6,10.4,0.204,5.8,4.9,42176000,Indiana Pacers,50,32,0.61,29-11,20-20,East,6,0.2465857359635812
Evan Mobley,CLE,PF,23.0,71.0,71.0,30.5,0.557,0.37,0.725,9.3,3.2,0.9,1.6,2.0,18.5,22.3,0.633,23.2,9.0,0.2,4.6,3.6,11227809,Cleveland Cavaliers,64,18,0.78,34-7,30-11,East,2,0.8015811455289272
Shaedon Sharpe,POR,SG,21.0,72.0,52.0,31.3,0.452,0.311,0.785,4.5,2.8,0.9,0.2,2.1,18.5,14.5,0.551,25.1,3.0,0.064,-1.3,0.4,6614160,Portland Trail Blazers,36,46,0.439,22-19,14-27,West,21,0.4535723357161
Nikola Vucevic,CHI,C,34.0,73.0,72.0,31.2,0.53,0.402,0.805,10.1,3.5,0.8,0.7,1.6,18.5,20.3,0.611,22.4,7.3,0.153,2.6,2.7,20000000,Chicago Bulls,39,43,0.476,18-23,21-20,East,18,0.365
Collin Sexton,UTA,SG,26.0,63.0,61.0,27.9,0.48,0.406,0.865,2.7,4.2,0.7,0.1,2.5,18.4,16.6,0.593,27.0,2.4,0.066,-0.6,0.6,18350000,Utah Jazz,17,65,0.207,10-31,7-34,West,30,0.1307901907356948
Michael Porter Jr.,DEN,SF,26.0,77.0,77.0,33.7,0.504,0.395,0.768,7.0,2.1,0.6,0.5,1.4,18.2,16.2,0.617,20.2,6.4,0.118,-0.1,1.2,35859950,Denver Nuggets,50,32,0.61,26-15,24-17,West,6,0.17847208375917983
Bam Adebayo,MIA,C,27.0,78.0,78.0,34.3,0.485,0.357,0.765,9.6,4.3,1.3,0.7,2.1,18.1,18.9,0.561,23.5,7.5,0.135,2.0,2.7,34848340,Miami Heat,37,45,0.451,19-22,17-23,East,20,0.21521828586383168
OG Anunoby,NYK,PF,27.0,74.0,74.0,36.6,0.476,0.372,0.81,4.8,2.2,1.5,0.9,1.4,18.0,15.4,0.591,19.7,6.5,0.116,0.7,1.9,36637931,New York Knicks,51,31,0.622,27-14,24-17,East,5,0.17741176487285812
Mikal Bridges,NYK,SF,28.0,82.0,82.0,37.0,0.5,0.354,0.814,3.2,3.7,0.9,0.5,1.6,17.6,14.0,0.585,19.6,5.7,0.09,-0.5,1.2,23300000,New York Knicks,51,31,0.622,27-14,24-17,East,5,0.2446351931330472
Jaden Ivey,DET,SG,22.0,30.0,30.0,29.9,0.46,0.409,0.733,4.1,4.0,0.9,0.4,3.0,17.6,14.7,0.569,26.0,1.2,0.062,0.0,0.5,7977240,Detroit Pistons,44,38,0.537,22-19,22-19,East,14,0.1504279675677302
Dejounte Murray,NOP,PG,28.0,31.0,31.0,32.6,0.393,0.299,0.823,6.5,7.4,2.0,0.4,3.4,17.5,15.4,0.494,27.3,0.2,0.009,-1.6,0.1,29535801,New Orleans Pelicans,21,61,0.256,14-27,7-34,West,27,0.006771443239341977
Malik Monk,SAC,SG,26.0,65.0,45.0,31.6,0.439,0.325,0.865,3.8,5.6,0.9,0.6,2.4,17.2,15.0,0.549,24.6,2.8,0.065,-0.8,0.6,17405202,Sacramento Kings,40,42,0.488,20-21,20-21,West,16,0.16087144521505697
Immanuel Quickley,TOR,PG,25.0,33.0,33.0,27.8,0.42,0.378,0.867,3.5,5.8,0.7,0.1,1.8,17.1,17.5,0.57,25.1,2.5,0.128,2.2,1.0,32500000,Toronto Raptors,30,52,0.366,18-23,12-29,East,24,0.07692307692307693
Bradley Beal,PHO,SG,31.0,53.0,38.0,32.1,0.497,0.386,0.803,3.3,3.7,1.1,0.5,1.9,17.0,15.2,0.598,22.1,2.4,0.068,-1.1,0.4,50203930,Phoenix Suns,36,46,0.439,24-17,12-29,West,21,0.04780502243549459
Deni Avdija,POR,SF,24.0,72.0,54.0,30.0,0.476,0.365,0.78,7.3,3.9,1.0,0.5,2.7,16.9,17.7,0.605,23.2,5.6,0.124,2.1,2.2,15625000,Portland Trail Blazers,36,46,0.439,22-19,14-27,West,21,0.3584
Keyonte George,UTA,PG,21.0,67.0,35.0,31.5,0.391,0.343,0.818,3.8,5.6,0.7,0.1,2.7,16.8,12.9,0.539,24.3,1.1,0.024,-2.7,-0.3,4084200,Utah Jazz,17,65,0.207,10-31,7-34,West,30,0.2693305910582244
Ivica Zubac,LAC,C,27.0,80.0,80.0,32.8,0.628,,0.661,12.6,2.7,0.7,1.1,1.6,16.8,22.3,0.641,19.5,11.7,0.215,3.1,3.4,11743210,LA Clippers,50,32,0.61,30-11,20-21,West,6,0.9963204268679517
Derrick White,BOS,SG,30.0,76.0,76.0,33.9,0.442,0.384,0.839,4.5,4.8,0.9,1.1,1.7,16.4,16.6,0.606,19.8,8.5,0.158,3.5,3.6,20017429,Boston Celtics,61,21,0.744,28-13,33-8,East,3,0.42462995622464805
Malik Beasley,DET,SG,28.0,82.0,18.0,27.8,0.43,0.416,0.679,2.6,1.7,0.9,0.1,1.0,16.3,14.4,0.59,22.5,4.7,0.1,0.8,1.6,6000000,Detroit Pistons,44,38,0.537,22-19,22-19,East,14,0.7833333333333333
Devin Vassell,SAS,SG,24.0,64.0,53.0,31.0,0.443,0.368,0.792,4.0,2.9,1.3,0.5,1.4,16.3,14.2,0.553,22.1,2.2,0.054,-1.1,0.4,29347826,San Antonio Spurs,34,48,0.415,20-20,13-27,West,23,0.07496296318507545
Jordan Clarkson,UTA,SG,32.0,37.0,9.0,26.0,0.408,0.362,0.797,3.2,3.7,0.8,0.2,2.3,16.2,14.5,0.54,27.8,0.4,0.021,-1.5,0.1,14092577,Utah Jazz,17,65,0.207,10-31,7-34,West,30,0.028383737055330618
Paul George,PHI,PF,34.0,41.0,41.0,32.5,0.43,0.358,0.814,5.3,4.3,1.8,0.5,2.6,16.2,14.5,0.543,23.5,1.0,0.036,-0.4,0.5,49205800,Philadelphia 76ers,24,58,0.293,12-29,12-29,East,26,0.020322807473915676
Jalen Suggs,ORL,PG,23.0,35.0,35.0,28.6,0.41,0.314,0.882,4.0,3.7,1.5,0.9,2.9,16.2,14.4,0.536,27.5,1.1,0.052,0.4,0.6,9188385,Orlando Magic,41,41,0.5,22-19,19-22,East,15,0.11971635929491418
Bennedict Mathurin,IND,SF,22.0,72.0,49.0,29.8,0.458,0.34,0.831,5.3,1.9,0.7,0.3,1.9,16.1,13.6,0.579,22.8,3.0,0.068,-2.9,-0.5,7245720,Indiana Pacers,50,32,0.61,29-11,20-20,East,6,0.41403752836157065
Myles Turner,IND,C,28.0,72.0,72.0,30.2,0.481,0.396,0.773,6.5,1.5,0.8,2.0,1.7,15.6,16.1,0.612,20.7,4.7,0.104,0.4,1.3,19928500,Indiana Pacers,50,32,0.61,29-11,20-20,East,6,0.23584313922272124
Christian Braun,DEN,SG,23.0,79.0,77.0,33.9,0.58,0.397,0.827,5.2,2.6,1.1,0.5,1.0,15.4,16.0,0.665,15.8,8.0,0.144,0.3,1.6,3089640,Denver Nuggets,50,32,0.61,26-15,24-17,West,6,2.589298429590502
Jonathan Kuminga,GSW,PF,22.0,47.0,10.0,24.3,0.454,0.305,0.668,4.6,2.2,0.8,0.4,1.5,15.3,15.7,0.535,27.4,1.9,0.08,-0.6,0.4,7636154,Golden State Warriors,48,34,0.585,24-17,24-17,West,11,0.24881635441087227
Jared McCain,PHI,SG,20.0,23.0,8.0,25.7,0.46,0.383,0.875,2.4,2.6,0.7,0.0,1.6,15.3,15.2,0.589,24.7,0.7,0.057,0.2,0.3,4032240,Philadelphia 76ers,24,58,0.293,12-29,12-29,East,26,0.17360077773148425
Mark Williams,CHO,C,23.0,44.0,41.0,26.6,0.604,0.0,0.804,10.2,2.5,0.7,1.2,1.6,15.3,23.9,0.647,21.4,4.7,0.195,3.5,1.6,4094280,Charlotte Hornets,19,63,0.232,12-29,7-34,East,28,1.1479429838701798
Kelly Oubre Jr.,PHI,SF,29.0,60.0,57.0,34.6,0.47,0.293,0.751,6.1,1.8,1.5,0.5,1.3,15.1,13.5,0.551,18.9,2.6,0.061,-2.3,-0.1,7983000,Philadelphia 76ers,24,58,0.293,12-29,12-29,East,26,0.3256920957033697
Chet Holmgren,OKC,C,22.0,32.0,32.0,27.4,0.49,0.379,0.754,8.0,2.0,0.7,2.2,1.8,15.0,19.2,0.599,22.0,3.2,0.173,2.4,1.0,10880640,Oklahoma City Thunder,68,14,0.829,35-6,32-8,West,1,0.29410034703840954
Stephon Castle,SAS,SG,20.0,81.0,47.0,26.7,0.428,0.285,0.724,3.7,4.1,0.9,0.3,2.2,14.7,13.7,0.522,26.0,1.1,0.025,-3.2,-0.6,9131760,San Antonio Spurs,34,48,0.415,20-20,13-27,West,23,0.12045870675532429
Aaron Gordon,DEN,PF,29.0,51.0,42.0,28.4,0.531,0.436,0.81,4.8,3.2,0.5,0.3,1.4,14.7,17.0,0.65,19.0,4.3,0.143,1.2,1.2,22841455,Denver Nuggets,50,32,0.61,26-15,24-17,West,6,0.18825420709845322
P.J. Washington,DAL,PF,26.0,57.0,56.0,32.2,0.453,0.381,0.722,7.8,2.3,1.1,1.1,2.1,14.7,14.0,0.556,20.4,2.4,0.062,-0.9,0.5,15500000,Dallas Mavericks,39,43,0.476,22-18,17-25,West,18,0.15483870967741936
Josh Giddey,CHI,PG,22.0,70.0,69.0,30.2,0.465,0.378,0.781,8.1,7.2,1.2,0.6,2.9,14.6,18.1,0.57,21.7,5.3,0.121,3.0,2.7,8352367,Chicago Bulls,39,43,0.476,18-23,21-20,East,18,0.6345506609084587
Jakob Poeltl,TOR,C,29.0,57.0,56.0,29.6,0.627,0.333,0.674,9.6,2.8,1.2,1.2,1.9,14.5,20.0,0.641,18.7,5.5,0.158,2.0,1.7,19500000,Toronto Raptors,30,52,0.366,18-23,12-29,East,24,0.28205128205128205
Deandre Ayton,POR,C,26.0,40.0,40.0,30.2,0.566,0.188,0.667,10.2,1.6,0.8,1.0,1.7,14.4,17.7,0.583,19.4,2.8,0.113,-0.7,0.4,34005126,Portland Trail Blazers,36,46,0.439,22-19,14-27,West,21,0.08234052713111548
Gradey Dick,TOR,SG,21.0,54.0,54.0,29.4,0.41,0.35,0.858,3.6,1.8,0.9,0.2,1.5,14.4,10.9,0.543,21.0,1.4,0.042,-3.2,-0.5,4763760,Toronto Raptors,30,52,0.366,18-23,12-29,East,24,0.2938855022083396
Jerami Grant,POR,PF,30.0,47.0,47.0,32.4,0.373,0.365,0.849,3.5,2.1,0.9,1.0,1.4,14.4,10.9,0.523,19.4,1.8,0.057,-1.6,0.1,29793104,Portland Trail Blazers,36,46,0.439,22-19,14-27,West,21,0.06041666554783953
Payton Pritchard,BOS,PG,27.0,80.0,3.0,28.4,0.472,0.407,0.845,3.8,3.5,0.9,0.2,1.0,14.3,17.6,0.633,19.0,8.6,0.183,3.5,3.2,6696429,Boston Celtics,61,21,0.744,28-13,33-8,East,3,1.2842665844736052
Naz Reid,MIN,C,25.0,80.0,17.0,27.5,0.462,0.379,0.776,6.0,2.3,0.7,0.9,1.4,14.2,15.8,0.577,21.5,5.7,0.125,1.6,2.0,13986432,Minnesota Timberwolves,49,33,0.598,25-16,24-17,West,10,0.4075378195096505
Dyson Daniels,ATL,SG,21.0,76.0,76.0,33.8,0.493,0.34,0.593,5.9,4.4,3.0,0.7,2.0,14.1,15.6,0.545,18.2,5.0,0.093,1.5,2.3,6059520,Atlanta Hawks,40,42,0.488,21-19,19-22,East,16,0.8251478664976764
Tre Mann,CHO,PG,23.0,13.0,0.0,24.5,0.435,0.4,0.905,2.9,3.0,0.5,0.3,1.9,14.1,13.3,0.537,26.0,0.1,0.019,-2.4,0.0,4908189,Charlotte Hornets,19,63,0.232,12-29,7-34,East,28,0.02037411354778718
Amen Thompson,HOU,SF,22.0,69.0,42.0,32.2,0.557,0.275,0.684,8.2,3.8,1.4,1.3,2.0,14.1,18.7,0.602,17.5,8.0,0.172,4.1,3.4,9249960,Houston Rockets,52,30,0.634,29-12,23-17,West,4,0.8648686048372102
Fred VanVleet,HOU,PG,30.0,60.0,60.0,35.2,0.378,0.345,0.81,3.7,5.6,1.6,0.4,1.5,14.1,12.8,0.515,17.7,5.2,0.119,0.9,1.5,42846615,Houston Rockets,52,30,0.634,29-12,23-17,West,4,0.12136314619019496
Dillon Brooks,HOU,SF,29.0,75.0,75.0,31.8,0.429,0.397,0.818,3.7,1.7,0.8,0.2,1.0,14.0,11.0,0.555,17.7,5.1,0.103,-1.4,0.4,22255493,Houston Rockets,52,30,0.634,29-12,23-17,West,4,0.22915690971213262
Klay Thompson,DAL,SF,34.0,72.0,72.0,27.3,0.412,0.391,0.905,3.4,2.0,0.7,0.4,1.2,14.0,12.9,0.552,21.8,1.8,0.045,-1.0,0.5,15873016,Dallas Mavericks,39,43,0.476,22-18,17-25,West,18,0.1133999990928
Bobby Portis,MIL,PF,29.0,49.0,7.0,25.4,0.466,0.365,0.836,8.4,2.1,0.7,0.5,1.2,13.9,17.7,0.542,24.1,2.7,0.106,0.2,0.7,12578286,Milwaukee Bucks,48,34,0.585,27-14,20-20,East,11,0.2146556375010077
Tobias Harris,DET,PF,32.0,73.0,73.0,31.6,0.477,0.345,0.861,5.9,2.2,1.0,0.8,1.2,13.7,13.9,0.571,17.6,5.2,0.108,0.1,1.2,25365854,Detroit Pistons,44,38,0.537,22-19,22-19,East,14,0.20499999724038467
Josh Hart,NYK,SG,29.0,77.0,77.0,37.6,0.525,0.333,0.776,9.6,5.9,1.5,0.4,2.1,13.6,16.5,0.611,15.3,9.2,0.153,2.8,3.6,18144000,New York Knicks,51,31,0.622,27-14,24-17,East,5,0.5070546737213404
Jarrett Allen,CLE,C,26.0,82.0,82.0,28.0,0.706,0.0,0.718,9.7,1.9,0.9,0.9,1.2,13.5,22.1,0.724,15.9,11.6,0.243,4.2,3.6,20000000,Cleveland Cavaliers,64,18,0.78,34-7,30-11,East,2,0.58
Onyeka Okongwu,ATL,C,24.0,74.0,40.0,27.9,0.567,0.324,0.759,8.9,2.3,0.9,0.9,1.2,13.4,19.0,0.634,17.3,7.2,0.168,1.3,1.7,14000000,Atlanta Hawks,40,42,0.488,21-19,19-22,East,16,0.5142857142857143
Russell Westbrook,DEN,PG,36.0,75.0,36.0,27.9,0.449,0.323,0.661,4.9,6.1,1.4,0.5,3.2,13.3,14.3,0.532,23.8,1.9,0.045,-1.1,0.5,3303771,Denver Nuggets,50,32,0.61,26-15,24-17,West,6,0.5751003928541052
Naji Marshall,DAL,SF,27.0,69.0,31.0,27.8,0.508,0.275,0.813,4.8,3.0,1.0,0.2,1.6,13.2,15.1,0.584,20.0,3.5,0.087,-0.8,0.6,8571429,Dallas Mavericks,39,43,0.476,22-18,17-25,West,18,0.4083333129166677
Rui Hachimura,LAL,PF,26.0,59.0,57.0,31.7,0.509,0.413,0.77,5.0,1.4,0.8,0.4,0.8,13.1,13.6,0.619,15.8,4.3,0.11,-0.7,0.6,17000000,Los Angeles Lakers,50,32,0.61,31-10,19-22,West,6,0.2529411764705882
Brook Lopez,MIL,C,36.0,80.0,80.0,31.8,0.509,0.373,0.826,5.0,1.8,0.6,1.9,1.1,13.0,14.8,0.624,15.8,6.6,0.124,0.8,1.8,23000000,Milwaukee Bucks,48,34,0.585,27-14,20-20,East,11,0.28695652173913044
Alex Sarr,WAS,C,19.0,67.0,67.0,27.1,0.394,0.308,0.679,6.5,2.4,0.7,1.5,1.7,13.0,12.9,0.482,23.5,-0.3,-0.007,-3.3,-0.6,11245680,Washington Wizards,18,64,0.22,8-32,10-31,East,29,-0.026676910600337195
Moritz Wagner,ORL,C,27.0,30.0,1.0,18.8,0.562,0.36,0.718,4.9,1.4,0.8,0.4,1.6,12.9,22.3,0.649,26.8,2.0,0.174,4.0,0.9,11000000,Orlando Magic,41,41,0.5,22-19,19-22,East,15,0.18181818181818182
Malcolm Brogdon,WAS,PG,32.0,24.0,13.0,23.5,0.433,0.286,0.88,3.8,4.1,0.5,0.2,1.6,12.7,15.8,0.544,23.7,0.7,0.061,-1.5,0.1,22500000,Washington Wizards,18,64,0.22,8-32,10-31,East,29,0.03111111111111111
Scoot Henderson,POR,PG,20.0,66.0,10.0,26.7,0.419,0.354,0.767,3.0,5.1,1.0,0.2,2.7,12.7,12.5,0.54,22.5,1.8,0.049,-2.2,-0.1,10259160,Portland Trail Blazers,36,46,0.439,22-19,14-27,West,21,0.17545296106113953
Keldon Johnson,SAS,SF,25.0,77.0,0.0,23.9,0.482,0.318,0.773,4.8,1.6,0.6,0.3,1.0,12.7,15.6,0.572,21.6,3.2,0.083,-1.6,0.2,19000000,San Antonio Spurs,34,48,0.415,20-20,13-27,West,23,0.16842105263157894
Zaccharie Risacher,ATL,SF,19.0,75.0,73.0,24.6,0.458,0.355,0.711,3.6,1.2,0.7,0.5,1.2,12.6,12.2,0.558,20.9,1.8,0.046,-3.5,-0.7,12569040,Atlanta Hawks,40,42,0.488,21-19,19-22,East,16,0.14320902789711865
Santi Aldama,MEM,PF,24.0,65.0,16.0,25.5,0.483,0.368,0.691,6.4,2.9,0.8,0.4,1.1,12.5,16.8,0.588,18.5,5.0,0.144,3.2,2.2,3960531,Memphis Grizzlies,48,34,0.585,26-15,22-19,West,11,1.262456978622311
Ty Jerome,CLE,SG,27.0,70.0,3.0,19.9,0.516,0.439,0.872,2.5,3.4,1.1,0.0,1.3,12.5,21.0,0.643,23.6,5.9,0.204,4.3,2.2,2560975,Cleveland Cavaliers,64,18,0.78,34-7,30-11,East,2,2.3038100723357315
Keegan Murray,SAC,PF,24.0,76.0,76.0,34.3,0.444,0.343,0.833,6.7,1.4,0.8,0.9,0.8,12.4,12.0,0.553,15.0,4.4,0.082,-1.6,0.2,8809560,Sacramento Kings,40,42,0.488,20-21,20-21,West,16,0.4994574076344336
Lonnie Walker IV,PHI,SG,26.0,20.0,7.0,23.9,0.42,0.354,0.8,3.2,2.5,0.5,0.3,1.3,12.4,13.1,0.548,22.8,0.3,0.033,-2.4,0.0,780932,Philadelphia 76ers,24,58,0.293,12-29,12-29,East,26,0.3841563670076268
Harrison Barnes,SAS,PF,32.0,82.0,82.0,27.2,0.508,0.433,0.809,3.8,1.7,0.5,0.2,0.6,12.3,14.9,0.656,15.7,5.6,0.12,0.0,1.2,18000000,San Antonio Spurs,34,48,0.415,20-20,13-27,West,23,0.3111111111111111
Bilal Coulibaly,WAS,SF,20.0,59.0,59.0,33.0,0.421,0.281,0.746,5.0,3.4,1.3,0.7,2.1,12.3,10.8,0.515,17.9,0.3,0.008,-3.7,-0.8,6945240,Washington Wizards,18,64,0.22,8-32,10-31,East,29,0.04319505157489158
Ayo Dosunmu,CHI,SG,25.0,46.0,26.0,30.3,0.492,0.328,0.785,3.5,4.5,0.9,0.4,1.5,12.3,12.8,0.585,16.6,2.5,0.087,-1.6,0.1,7000000,Chicago Bulls,39,43,0.476,18-23,21-20,East,18,0.35714285714285715
Daniel Gafford,DAL,C,26.0,57.0,31.0,21.5,0.702,,0.689,6.8,1.4,0.4,1.8,1.2,12.3,24.7,0.716,19.5,5.9,0.232,3.8,1.8,13394160,Dallas Mavericks,39,43,0.476,22-18,17-25,West,18,0.44049048241920363
Jaden McDaniels,MIN,PF,24.0,82.0,82.0,31.9,0.477,0.33,0.813,5.7,2.0,1.3,0.9,1.2,12.2,13.3,0.562,16.3,6.3,0.115,0.0,1.4,23017242,Minnesota Timberwolves,49,33,0.598,25-16,24-17,West,10,0.2737078577876533
Jabari Smith Jr.,HOU,PF,21.0,57.0,39.0,30.1,0.438,0.354,0.825,7.0,1.1,0.4,0.7,1.1,12.2,12.6,0.562,16.4,4.2,0.117,-0.7,0.6,9770880,Houston Rockets,52,30,0.634,29-12,23-17,West,4,0.4298486932599725
Drew Timme,BRK,PF,24.0,9.0,2.0,28.2,0.441,0.257,0.625,7.2,2.2,0.4,0.1,1.7,12.1,11.0,0.5,21.3,0.0,0.009,-6.7,-0.3,113055,Brooklyn Nets,26,56,0.317,12-29,14-27,East,25,0.0
Tari Eason,HOU,PF,23.0,57.0,16.0,24.9,0.487,0.342,0.76,6.4,1.5,1.7,0.9,1.1,12.0,18.5,0.567,19.4,5.0,0.169,3.6,2.0,3695160,Houston Rockets,52,30,0.634,29-12,23-17,West,4,1.3531213804003075
Rudy Gobert,MIN,C,32.0,72.0,72.0,33.2,0.669,,0.674,10.9,1.8,0.8,1.4,1.2,12.0,18.3,0.687,13.0,10.1,0.204,1.9,2.4,43827587,Minnesota Timberwolves,49,33,0.598,25-16,24-17,West,10,0.23044846160478785
Aaron Nesmith,IND,SF,25.0,45.0,37.0,24.9,0.507,0.431,0.913,4.0,1.2,0.8,0.4,0.8,12.0,14.6,0.653,17.4,2.9,0.126,-0.5,0.4,11000000,Indiana Pacers,50,32,0.61,29-11,20-20,East,6,0.2636363636363636
Aaron Wiggins,OKC,SG,26.0,76.0,26.0,22.9,0.488,0.383,0.831,3.9,1.8,0.8,0.2,0.9,12.0,16.1,0.596,20.3,5.4,0.148,1.1,1.4,10514017,Oklahoma City Thunder,68,14,0.829,35-6,32-8,West,1,0.5136000826325466
Jalen Duren,DET,C,21.0,78.0,78.0,26.1,0.692,,0.669,10.3,2.7,0.7,1.1,1.7,11.8,21.4,0.703,16.4,9.2,0.218,3.1,2.7,4536840,Detroit Pistons,44,38,0.537,22-19,22-19,East,14,2.0278431683727
Donte DiVincenzo,MIN,SG,28.0,62.0,10.0,25.9,0.422,0.397,0.778,3.7,3.6,1.2,0.3,1.6,11.7,14.1,0.582,19.4,3.9,0.115,1.9,1.6,11445000,Minnesota Timberwolves,49,33,0.598,25-16,24-17,West,10,0.34076015727391873
Brandin Podziemski,GSW,SG,21.0,64.0,33.0,26.8,0.445,0.372,0.758,5.1,3.4,1.1,0.2,1.2,11.7,14.4,0.557,18.3,4.2,0.117,0.7,1.2,3519960,Golden State Warriors,48,34,0.585,24-17,24-17,West,11,1.1931953772201958
Corey Kispert,WAS,SF,25.0,61.0,0.0,26.3,0.451,0.364,0.852,3.0,1.7,0.4,0.2,1.0,11.6,11.0,0.584,17.5,1.1,0.032,-3.7,-0.7,5705888,Washington Wizards,18,64,0.22,8-32,10-31,East,29,0.19278331435878168
Jeremy Sochan,SAS,PF,21.0,54.0,23.0,25.3,0.535,0.308,0.696,6.5,2.4,0.8,0.5,1.6,11.4,15.9,0.589,19.0,2.7,0.096,-1.2,0.3,5570040,San Antonio Spurs,34,48,0.415,20-20,13-27,West,23,0.4847361957903355
Toumani Camara,POR,PF,24.0,78.0,78.0,32.7,0.458,0.375,0.722,5.8,2.2,1.5,0.6,1.4,11.3,12.5,0.572,14.4,5.2,0.097,-0.1,1.2,1891857,Portland Trail Blazers,36,46,0.439,22-19,14-27,West,21,2.7486221210165462
Isaiah Hartenstein,OKC,C,26.0,57.0,53.0,27.9,0.581,0.0,0.675,10.7,3.8,0.8,1.1,1.7,11.2,18.9,0.599,16.7,6.8,0.205,3.2,2.1,30000000,Oklahoma City Thunder,68,14,0.829,35-6,32-8,West,1,0.22666666666666666
Buddy Hield,GSW,SG,32.0,82.0,22.0,22.7,0.417,0.37,0.828,3.2,1.6,0.8,0.3,1.1,11.1,12.3,0.56,20.5,2.8,0.073,-1.0,0.5,8780488,Golden State Warriors,48,34,0.585,24-17,24-17,West,11,0.31888888180246927
Jrue Holiday,BOS,PG,34.0,62.0,62.0,30.6,0.443,0.353,0.909,4.3,3.9,1.1,0.4,1.2,11.1,13.5,0.565,15.8,5.1,0.13,0.7,1.3,30000000,Boston Celtics,61,21,0.744,28-13,33-8,East,3,0.16999999999999998
Walker Kessler,UTA,C,23.0,58.0,58.0,30.0,0.663,0.176,0.52,12.2,1.7,0.6,2.4,1.5,11.1,20.0,0.66,13.7,5.4,0.149,1.8,1.7,2965920,Utah Jazz,17,65,0.207,10-31,7-34,West,30,1.8206829584075093
Gary Trent Jr.,MIL,SG,26.0,74.0,9.0,25.6,0.431,0.416,0.848,2.3,1.2,1.0,0.1,0.6,11.1,11.7,0.591,17.1,3.3,0.084,-1.6,0.2,2087519,Milwaukee Bucks,48,34,0.585,27-14,20-20,East,11,1.5808239350156812
Spencer Dinwiddie,DAL,PG,31.0,79.0,30.0,27.0,0.416,0.334,0.802,2.6,4.4,0.9,0.2,1.3,11.0,13.0,0.553,17.9,3.7,0.082,-1.6,0.2,2087519,Dallas Mavericks,39,43,0.476,22-18,17-25,West,18,1.7724389574418247
Tim Hardaway Jr.,DET,SG,32.0,77.0,77.0,28.0,0.406,0.368,0.855,2.4,1.6,0.5,0.1,0.6,11.0,9.8,0.567,15.5,3.5,0.077,-2.1,0.0,16193183,Detroit Pistons,44,38,0.537,22-19,22-19,East,14,0.21614033510274044
Duncan Robinson,MIA,SF,30.0,74.0,37.0,24.1,0.437,0.393,0.887,2.3,2.4,0.5,0.1,1.2,11.0,11.8,0.595,19.2,2.7,0.071,-1.7,0.1,19406000,Miami Heat,37,45,0.451,19-22,17-23,East,20,0.13913222714624346
Guerschon Yabusele,PHI,C,29.0,70.0,43.0,27.1,0.501,0.38,0.725,5.6,2.1,0.8,0.3,1.2,11.0,14.7,0.616,16.3,3.9,0.099,-1.0,0.5,2087519,Philadelphia 76ers,24,58,0.293,12-29,12-29,East,26,1.868246468654896
Brice Sensabaugh,UTA,SF,21.0,71.0,15.0,20.2,0.459,0.422,0.89,3.0,1.5,0.6,0.1,1.5,10.9,13.4,0.612,21.5,1.2,0.042,-1.2,0.3,2571480,Utah Jazz,17,65,0.207,10-31,7-34,West,30,0.4666573335199962
Jordan Hawkins,NOP,SG,22.0,56.0,9.0,23.6,0.372,0.331,0.816,2.8,1.2,0.5,0.4,1.0,10.8,9.6,0.504,21.0,-0.5,-0.02,-5.4,-1.2,4525680,New Orleans Pelicans,21,61,0.256,14-27,7-34,West,27,-0.1104806349543052
Nikola Jovic,MIA,PF,21.0,46.0,10.0,25.1,0.456,0.371,0.828,3.9,2.8,0.8,0.3,1.3,10.7,13.8,0.595,18.3,2.5,0.104,0.3,0.7,2464200,Miami Heat,37,45,0.451,19-22,17-23,East,20,1.0145280415550686
Grayson Allen,PHO,SG,29.0,64.0,7.0,24.1,0.448,0.426,0.816,3.0,2.1,0.8,0.3,1.2,10.6,13.7,0.631,17.6,2.5,0.079,-0.3,0.7,15625000,Phoenix Suns,36,46,0.439,24-17,12-29,West,21,0.16
Keon Johnson,BRK,SG,22.0,79.0,56.0,24.4,0.389,0.314,0.77,3.8,2.2,1.0,0.4,1.5,10.6,10.4,0.499,21.7,0.5,0.014,-3.3,-0.6,2162606,Brooklyn Nets,26,56,0.317,12-29,14-27,East,25,0.23120253989862233
Terry Rozier,MIA,PG,30.0,64.0,23.0,25.9,0.391,0.295,0.852,3.7,2.6,0.6,0.2,1.2,10.6,10.5,0.497,20.4,1.0,0.029,-3.7,-0.7,24924126,Miami Heat,37,45,0.451,19-22,17-23,East,20,0.040121767960890585
Obi Toppin,IND,PF,26.0,79.0,4.0,19.6,0.529,0.365,0.781,4.0,1.6,0.6,0.4,0.9,10.5,17.4,0.642,20.1,4.3,0.135,1.7,1.4,12946429,Indiana Pacers,50,32,0.61,29-11,20-20,East,6,0.33213792003957227
Ochai Agbaji,TOR,SG,24.0,64.0,45.0,27.2,0.498,0.399,0.708,3.8,1.5,0.9,0.5,0.8,10.4,12.0,0.601,14.6,3.1,0.087,-0.7,0.5,4310280,Toronto Raptors,30,52,0.366,18-23,12-29,East,24,0.7192108169306867
Jaylen Wells,MEM,SG,21.0,79.0,74.0,25.9,0.425,0.352,0.822,3.4,1.7,0.6,0.1,0.9,10.4,10.5,0.56,15.9,3.5,0.083,-2.2,-0.1,1157153,Memphis Grizzlies,48,34,0.585,26-15,22-19,West,11,3.024664845530366
Grant Williams,CHO,PF,26.0,16.0,7.0,29.9,0.439,0.365,0.838,5.1,2.3,1.1,0.8,1.8,10.4,11.5,0.596,14.8,0.7,0.071,-1.6,0.1,13025250,Charlotte Hornets,19,63,0.232,12-29,7-34,East,28,0.05374177079134757
Jose Alvarado,NOP,PG,26.0,56.0,23.0,24.4,0.392,0.359,0.811,2.4,4.6,1.3,0.3,1.5,10.3,13.4,0.523,19.8,1.2,0.043,-1.4,0.2,1988598,New Orleans Pelicans,21,61,0.256,14-27,7-34,West,27,0.6034402126523309
Nic Claxton,BRK,C,25.0,70.0,62.0,26.9,0.563,0.238,0.513,7.4,2.2,0.9,1.4,1.2,10.3,16.5,0.569,16.8,4.3,0.11,0.4,1.1,27556817,Brooklyn Nets,26,56,0.317,12-29,14-27,East,25,0.15604124380548015
Herbert Jones,NOP,SF,26.0,20.0,20.0,32.4,0.436,0.306,0.825,3.9,3.3,1.9,0.5,1.8,10.3,10.4,0.541,14.6,0.4,0.033,-3.6,-0.3,12976362,New Orleans Pelicans,21,61,0.256,14-27,7-34,West,27,0.03082528061408891
De'Anthony Melton,GSW,SG,26.0,6.0,2.0,20.2,0.407,0.371,0.625,3.3,2.8,1.2,0.3,1.7,10.3,13.3,0.539,23.5,0.2,0.076,-0.8,0.0,12822000,Golden State Warriors,48,34,0.585,24-17,24-17,West,11,0.015598190609889255
Isaiah Joe,OKC,SG,25.0,74.0,16.0,21.7,0.44,0.412,0.821,2.6,1.6,0.6,0.1,0.5,10.2,14.0,0.617,17.2,5.1,0.153,1.3,1.4,12991650,Oklahoma City Thunder,68,14,0.829,35-6,32-8,West,1,0.39255983651037396
Tyus Jones,PHO,PG,28.0,81.0,58.0,26.8,0.448,0.414,0.895,2.4,5.3,0.9,0.1,1.1,10.2,14.5,0.585,16.2,4.4,0.096,0.1,1.1,2087519,Phoenix Suns,36,46,0.439,24-17,12-29,West,21,2.1077652466875754
Trendon Watford,BRK,PF,24.0,44.0,6.0,20.8,0.469,0.33,0.762,3.6,2.6,0.6,0.3,1.9,10.2,13.0,0.557,23.3,0.7,0.038,-3.1,-0.3,2726603,Brooklyn Nets,26,56,0.317,12-29,14-27,East,25,0.25672971092601304
Luguentz Dort,OKC,SF,25.0,71.0,71.0,29.2,0.435,0.412,0.717,4.1,1.6,1.1,0.5,0.7,10.1,11.3,0.586,13.6,5.6,0.129,0.2,1.2,16500000,Oklahoma City Thunder,68,14,0.829,35-6,32-8,West,1,0.33939393939393936
Justin Edwards,PHI,SF,21.0,44.0,26.0,26.3,0.455,0.363,0.696,3.4,1.6,1.0,0.4,1.1,10.1,11.3,0.559,16.9,0.9,0.039,-3.7,-0.5,425619,Philadelphia 76ers,24,58,0.293,12-29,12-29,East,26,2.1145672538115075
Derrick Jones Jr.,LAC,SF,27.0,77.0,55.0,24.3,0.526,0.356,0.703,3.4,0.8,1.0,0.4,0.9,10.1,13.5,0.609,16.5,4.7,0.12,-0.3,0.8,9523810,LA Clippers,50,32,0.61,30-11,20-21,West,6,0.4934999753250013
Ausar Thompson,DET,SF,22.0,59.0,48.0,22.5,0.535,0.224,0.641,5.1,2.3,1.7,0.7,1.4,10.1,17.2,0.568,19.1,3.8,0.138,1.7,1.2,8376000,Detroit Pistons,44,38,0.537,22-19,22-19,East,14,0.45367717287488063
Chris Boucher,TOR,PF,32.0,50.0,0.0,17.2,0.492,0.363,0.782,4.5,0.7,0.5,0.5,0.6,10.0,18.7,0.615,21.2,2.7,0.148,2.3,0.9,10810000,Toronto Raptors,30,52,0.366,18-23,12-29,East,24,0.24976873265494912
Andrew Nembhard,IND,SG,25.0,65.0,65.0,28.9,0.458,0.291,0.794,3.3,5.0,1.2,0.2,1.7,10.0,11.7,0.545,16.3,2.8,0.071,-2.3,-0.1,2019699,Indiana Pacers,50,32,0.61,29-11,20-20,East,6,1.3863451930213362
Ziaire Williams,BRK,SF,23.0,63.0,45.0,24.5,0.412,0.341,0.821,4.6,1.3,1.0,0.4,1.1,10.0,11.9,0.55,18.2,2.1,0.065,-2.3,-0.1,6133005,Brooklyn Nets,26,56,0.317,12-29,14-27,East,25,0.3424096344287996
Julian Champagnie,SAS,SF,23.0,82.0,29.0,23.6,0.415,0.371,0.904,3.9,1.4,0.7,0.4,0.9,9.9,12.2,0.577,17.2,2.5,0.062,-1.3,0.4,3000000,San Antonio Spurs,34,48,0.415,20-20,13-27,West,23,0.8333333333333334
Scotty Pippen Jr.,MEM,PG,24.0,79.0,21.0,21.3,0.48,0.397,0.713,3.3,4.4,1.3,0.4,1.7,9.9,15.8,0.582,19.3,4.7,0.133,1.9,1.7,2087519,Memphis Grizzlies,48,34,0.585,26-15,22-19,West,11,2.251476513507183
Nick Smith Jr.,CHO,SG,20.0,60.0,27.0,22.8,0.391,0.34,0.935,2.1,2.4,0.3,0.1,1.4,9.9,8.3,0.502,20.8,-0.5,-0.019,-5.7,-1.3,2587200,Charlotte Hornets,19,63,0.232,12-29,7-34,East,28,-0.19325912183055038
Bub Carrington,WAS,PG,19.0,82.0,57.0,30.0,0.401,0.339,0.812,4.2,4.4,0.7,0.3,1.7,9.8,9.0,0.514,15.8,0.2,0.005,-4.6,-1.6,4454880,Washington Wizards,18,64,0.22,8-32,10-31,East,29,0.044894587508529975
Moses Moody,GSW,SG,22.0,74.0,34.0,22.3,0.433,0.374,0.797,2.6,1.3,0.8,0.4,0.7,9.8,12.4,0.578,17.4,3.5,0.102,-0.9,0.5,5803269,Golden State Warriors,48,34,0.585,24-17,24-17,West,11,0.6031083515170501
Amir Coffey,LAC,SG,27.0,72.0,13.0,24.3,0.471,0.409,0.891,2.2,1.1,0.6,0.1,0.6,9.7,11.2,0.614,15.3,4.0,0.111,-1.7,0.1,3938271,LA Clippers,50,32,0.61,30-11,20-21,West,6,1.0156741372038645
Kyle Filipowski,UTA,C,21.0,72.0,27.0,21.1,0.502,0.35,0.65,6.1,1.9,0.7,0.3,1.4,9.6,14.9,0.594,18.7,2.5,0.078,-1.0,0.4,3000000,Utah Jazz,17,65,0.207,10-31,7-34,West,30,0.8333333333333334
Miles McBride,NYK,SG,24.0,64.0,10.0,24.9,0.406,0.369,0.813,2.5,2.9,1.0,0.3,0.6,9.5,12.6,0.531,16.8,3.2,0.098,0.0,0.8,4710144,New York Knicks,51,31,0.622,27-14,24-17,East,5,0.6793847491711507
Jalen Wilson,BRK,PF,24.0,79.0,22.0,25.7,0.397,0.337,0.818,3.4,1.8,0.5,0.1,1.0,9.5,9.5,0.541,16.6,1.9,0.046,-3.9,-1.0,1891857,Brooklyn Nets,26,56,0.317,12-29,14-27,East,25,1.0043042365252766
Nickeil Alexander-Walker,MIN,SG,26.0,82.0,10.0,25.3,0.438,0.381,0.78,3.2,2.7,0.6,0.4,1.2,9.4,11.6,0.579,16.0,4.3,0.099,-0.4,0.8,4312500,Minnesota Timberwolves,49,33,0.598,25-16,24-17,West,10,0.9971014492753623
Cole Anthony,ORL,PG,24.0,67.0,22.0,18.4,0.424,0.353,0.823,3.0,2.9,0.7,0.5,1.5,9.4,14.2,0.531,24.6,2.0,0.078,0.1,0.7,12900000,Orlando Magic,41,41,0.5,22-19,19-22,East,15,0.15503875968992248
Anthony Black,ORL,PG,21.0,78.0,10.0,24.2,0.423,0.318,0.761,2.9,3.1,1.1,0.6,1.8,9.4,11.6,0.521,19.6,2.4,0.061,-1.9,0.0,7607760,Orlando Magic,41,41,0.5,22-19,19-22,East,15,0.315467364901101
Max Strus,CLE,SF,28.0,50.0,37.0,25.5,0.442,0.386,0.824,4.3,3.2,0.5,0.2,1.1,9.4,12.6,0.607,14.7,3.4,0.13,1.3,1.1,15212068,Cleveland Cavaliers,64,18,0.78,34-7,30-11,East,2,0.22350675792403768
Tristan Vukcevic,WAS,C,21.0,35.0,1.0,14.7,0.496,0.373,0.776,3.7,1.1,0.3,0.7,1.2,9.4,17.8,0.608,25.7,0.7,0.069,-0.5,0.2,2424892,Washington Wizards,18,64,0.22,8-32,10-31,East,29,0.2886726501633887
Cam Whitmore,HOU,SF,20.0,51.0,3.0,16.2,0.444,0.355,0.75,3.0,1.0,0.6,0.3,0.9,9.4,15.5,0.549,23.9,1.8,0.106,0.3,0.5,3379080,Houston Rockets,52,30,0.634,29-12,23-17,West,4,0.5326893710714159
Kel'el Ware,MIA,C,20.0,64.0,36.0,22.2,0.554,0.315,0.687,7.4,0.9,0.6,1.1,0.9,9.3,17.4,0.603,17.2,4.1,0.14,-0.1,0.7,4231800,Miami Heat,37,45,0.451,19-22,17-23,East,20,0.9688548608157285
Zach Edey,MEM,C,22.0,66.0,55.0,21.5,0.58,0.346,0.709,8.3,1.0,0.5,1.3,1.3,9.2,18.2,0.624,16.4,4.9,0.165,-0.1,0.7,5756880,Memphis Grizzlies,48,34,0.585,26-15,22-19,West,11,0.8511554869999028
Wendell Carter Jr.,ORL,C,25.0,68.0,51.0,25.9,0.46,0.234,0.737,7.2,2.0,0.8,0.6,1.1,9.1,13.7,0.544,16.0,4.6,0.125,-1.2,0.3,11950000,Orlando Magic,41,41,0.5,22-19,19-22,East,15,0.38493723849372385
Noah Clowney,BRK,PF,20.0,46.0,20.0,22.7,0.358,0.333,0.838,3.9,0.9,0.5,0.5,1.0,9.1,9.2,0.516,19.0,0.5,0.023,-4.1,-0.5,3244080,Brooklyn Nets,26,56,0.317,12-29,14-27,East,25,0.15412690192596978
Dalton Knecht,LAL,SF,23.0,78.0,16.0,19.2,0.461,0.376,0.762,2.8,0.8,0.3,0.1,0.5,9.1,12.7,0.594,18.5,2.7,0.086,-1.8,0.1,3819120,Los Angeles Lakers,50,32,0.61,31-10,19-22,West,6,0.7069691447244392
A.J. Lawson,TOR,SG,24.0,26.0,2.0,18.7,0.421,0.327,0.683,3.3,1.2,0.5,0.2,0.6,9.1,12.7,0.542,20.0,0.8,0.081,-2.5,-0.1,2120693,Toronto Raptors,30,52,0.366,18-23,12-29,East,24,0.3772351773689072
T.J. McConnell,IND,PG,32.0,79.0,1.0,17.9,0.519,0.306,0.74,2.4,4.4,1.1,0.3,1.4,9.1,18.4,0.547,23.4,3.2,0.109,1.2,1.2,9300000,Indiana Pacers,50,32,0.61,29-11,20-20,East,6,0.3440860215053763
Yves Missi,NOP,C,20.0,73.0,67.0,26.8,0.547,0.0,0.623,8.2,1.4,0.5,1.3,1.1,9.1,15.4,0.572,14.3,3.6,0.089,-3.0,-0.5,3202560,New Orleans Pelicans,21,61,0.256,14-27,7-34,West,27,1.1241007194244603
Royce O'Neale,PHO,SF,31.0,75.0,22.0,24.5,0.423,0.406,0.731,4.7,2.2,0.9,0.5,0.9,9.1,12.6,0.585,15.5,2.8,0.073,0.1,1.0,9821429,Phoenix Suns,36,46,0.439,24-17,12-29,West,21,0.285090896650579
Draymond Green,GSW,PF,34.0,68.0,66.0,29.2,0.424,0.325,0.687,6.1,5.6,1.5,1.0,2.6,9.0,12.4,0.534,15.9,3.7,0.088,0.5,1.3,24107143,Golden State Warriors,48,34,0.585,24-17,24-17,West,11,0.1534814805719616
Al Horford,BOS,C,38.0,60.0,42.0,27.7,0.423,0.363,0.895,6.2,2.1,0.6,0.9,0.8,9.0,12.9,0.563,13.8,4.4,0.129,1.2,1.3,9500000,Boston Celtics,61,21,0.744,28-13,33-8,East,3,0.46315789473684216
Julian Strawther,DEN,SG,22.0,65.0,4.0,21.3,0.432,0.349,0.822,2.2,1.3,0.6,0.2,0.9,9.0,9.5,0.559,17.8,1.3,0.043,-4.5,-0.9,2552520,Denver Nuggets,50,32,0.61,26-15,24-17,West,6,0.5093006127278141
Patrick Williams,CHI,PF,23.0,63.0,36.0,25.0,0.397,0.353,0.723,3.8,2.0,0.8,0.5,1.4,9.0,9.0,0.512,16.9,0.4,0.012,-3.7,-0.7,18500000,Chicago Bulls,39,43,0.476,18-23,21-20,East,18,0.021621621621621623
Clint Capela,ATL,C,30.0,55.0,41.0,21.4,0.559,0.0,0.536,8.5,1.1,0.6,1.0,0.9,8.9,17.7,0.564,16.7,3.2,0.131,-1.0,0.3,22265280,Atlanta Hawks,40,42,0.488,21-19,19-22,East,16,0.14372152517282513
Johnny Juzang,UTA,SG,23.0,64.0,18.0,19.8,0.429,0.376,0.849,2.9,1.1,0.6,0.1,0.6,8.9,11.8,0.573,17.6,1.6,0.06,-2.3,-0.1,3087519,Utah Jazz,17,65,0.207,10-31,7-34,West,30,0.5182154344637232
Luke Kennard,MEM,SG,28.0,65.0,11.0,22.6,0.478,0.433,0.895,2.8,3.3,0.8,0.1,1.1,8.9,13.6,0.631,14.5,3.9,0.127,1.1,1.2,9250000,Memphis Grizzlies,48,34,0.585,26-15,22-19,West,11,0.4216216216216216
Justin Champagnie,WAS,SF,23.0,62.0,31.0,21.6,0.511,0.383,0.685,5.7,1.0,1.0,0.6,0.9,8.8,15.7,0.614,15.6,2.8,0.1,-0.5,0.5,1800000,Washington Wizards,18,64,0.22,8-32,10-31,East,29,1.5555555555555554
Svi Mykhailiuk,UTA,SF,27.0,38.0,13.0,20.0,0.391,0.345,0.8,2.4,2.0,0.5,0.2,1.4,8.8,9.8,0.526,20.3,-0.1,-0.009,-3.5,-0.3,3500000,Utah Jazz,17,65,0.207,10-31,7-34,West,30,-0.028571428571428574
Chris Paul,SAS,PG,39.0,82.0,82.0,28.0,0.427,0.377,0.924,3.6,7.4,1.3,0.3,1.6,8.8,14.7,0.58,14.0,5.7,0.12,0.8,1.6,10460000,San Antonio Spurs,34,48,0.415,20-20,13-27,West,23,0.5449330783938814
Kentavious Caldwell-Pope,ORL,SG,31.0,77.0,77.0,29.6,0.439,0.342,0.863,2.2,1.8,1.3,0.4,0.8,8.7,9.9,0.574,12.4,4.6,0.096,-1.4,0.3,22757000,Orlando Magic,41,41,0.5,22-19,19-22,East,15,0.20213560662653246
Isaiah Collier,UTA,PG,20.0,71.0,46.0,25.9,0.422,0.249,0.682,3.3,6.3,0.9,0.2,2.9,8.7,9.7,0.494,18.9,-0.8,-0.021,-5.3,-1.6,2520120,Utah Jazz,17,65,0.207,10-31,7-34,West,30,-0.31744520102217355
Dante Exum,DAL,PG,29.0,20.0,13.0,18.6,0.478,0.434,0.742,1.7,2.8,0.6,0.2,1.1,8.7,13.6,0.589,19.6,0.6,0.083,-2.3,0.0,3150000,Dallas Mavericks,39,43,0.476,22-18,17-25,West,18,0.19047619047619047
Kyshawn George,WAS,SG,21.0,68.0,38.0,26.5,0.372,0.322,0.753,4.2,2.5,1.0,0.7,1.4,8.7,8.8,0.503,15.9,0.1,0.003,-4.1,-0.9,2825520,Washington Wizards,18,64,0.22,8-32,10-31,East,29,0.03539171550723407
Jaden Hardy,DAL,SG,22.0,57.0,3.0,15.9,0.435,0.386,0.698,1.6,1.4,0.5,0.1,1.4,8.7,10.4,0.549,25.3,-0.3,-0.016,-4.7,-0.6,2019699,Dallas Mavericks,39,43,0.476,22-18,17-25,West,18,-0.14853698496657175
Dereck Lively II,DAL,C,20.0,36.0,29.0,23.1,0.702,,0.63,7.5,2.4,0.6,1.6,1.1,8.7,20.1,0.704,13.6,3.4,0.199,3.3,1.1,5014560,Dallas Mavericks,39,43,0.476,22-18,17-25,West,18,0.6780255894834242
Tyrese Martin,BRK,SG,25.0,60.0,11.0,21.9,0.406,0.351,0.793,3.7,2.0,0.6,0.2,1.2,8.7,10.9,0.533,18.8,0.9,0.033,-2.6,-0.2,635853,Brooklyn Nets,26,56,0.317,12-29,14-27,East,25,1.4154214889290448
Matas Buzelis,CHI,SF,20.0,80.0,31.0,18.9,0.454,0.361,0.815,3.5,1.0,0.4,0.9,0.9,8.6,12.5,0.571,18.7,1.9,0.06,-2.5,-0.2,5195520,Chicago Bulls,39,43,0.476,18-23,21-20,East,18,0.3656996797240699
Jaime Jaquez Jr.,MIA,SF,23.0,66.0,17.0,20.7,0.461,0.311,0.754,4.4,2.5,0.9,0.2,1.5,8.6,14.3,0.543,20.2,2.3,0.081,-0.9,0.4,3685800,Miami Heat,37,45,0.451,19-22,17-23,East,20,0.6240164957404091
Ja'Kobe Walter,TOR,SG,20.0,52.0,18.0,21.2,0.405,0.349,0.795,3.1,1.6,0.8,0.2,1.0,8.6,10.8,0.523,18.2,1.2,0.052,-3.0,-0.3,3565000,Toronto Raptors,30,52,0.366,18-23,12-29,East,24,0.33660589060308554
Sam Hauser,BOS,PF,27.0,71.0,19.0,21.7,0.451,0.416,1.0,3.2,0.9,0.6,0.2,0.3,8.5,12.8,0.632,14.3,4.4,0.136,0.8,1.1,2092344,Boston Celtics,61,21,0.744,28-13,33-8,East,3,2.1029046848892916
Larry Nance Jr.,ATL,PF,32.0,24.0,3.0,19.3,0.516,0.447,0.692,4.3,1.6,0.8,0.5,0.7,8.5,16.0,0.632,15.7,1.3,0.131,1.8,0.4,11205000,Atlanta Hawks,40,42,0.488,21-19,19-22,East,16,0.11601963409192326
Cason Wallace,OKC,SG,21.0,68.0,43.0,27.6,0.474,0.356,0.811,3.4,2.5,1.8,0.5,0.9,8.4,12.3,0.562,12.8,5.2,0.133,1.0,1.5,5555880,Oklahoma City Thunder,68,14,0.829,35-6,32-8,West,1,0.9359453407920978
Dalano Banton,POR,PG,25.0,67.0,7.0,16.7,0.391,0.324,0.728,2.0,2.4,0.6,0.5,1.3,8.3,12.9,0.497,24.1,0.8,0.033,-0.8,0.3,2196970,Portland Trail Blazers,36,46,0.439,22-19,14-27,West,21,0.3641378808085682
Brandon Clarke,MEM,PF,28.0,64.0,18.0,18.9,0.621,0.059,0.701,5.1,1.0,0.8,0.6,0.6,8.3,17.6,0.638,15.3,4.4,0.174,0.8,0.9,12500000,Memphis Grizzlies,48,34,0.585,26-15,22-19,West,11,0.35200000000000004
Keon Ellis,SAC,SG,25.0,80.0,28.0,24.4,0.489,0.433,0.849,2.7,1.5,1.5,0.8,0.9,8.3,13.5,0.664,12.7,5.0,0.122,1.9,1.9,2120693,Sacramento Kings,40,42,0.488,20-21,20-21,West,16,2.35771985855567
Mike Conley,MIN,PG,37.0,71.0,64.0,24.7,0.4,0.41,0.9,2.6,4.5,1.1,0.2,1.1,8.2,13.3,0.573,14.4,5.2,0.142,1.2,1.4,9975962,Minnesota Timberwolves,49,33,0.598,25-16,24-17,West,10,0.5212529879323918
Taurean Prince,MIL,SF,30.0,80.0,73.0,27.1,0.457,0.439,0.813,3.6,1.9,1.0,0.2,1.0,8.2,9.8,0.613,12.5,3.5,0.077,-1.7,0.1,2087519,Milwaukee Bucks,48,34,0.585,27-14,20-20,East,11,1.676631446228753
Jalen Smith,CHI,C,24.0,64.0,2.0,15.0,0.466,0.324,0.809,5.6,1.0,0.3,0.7,0.6,8.2,18.7,0.586,21.0,2.9,0.146,0.9,0.7,8571429,Chicago Bulls,39,43,0.476,18-23,21-20,East,18,0.3383333164166675
Quinten Post,GSW,PF,24.0,42.0,14.0,16.3,0.449,0.408,0.778,3.5,1.3,0.4,0.4,0.8,8.1,14.2,0.595,19.6,1.7,0.116,0.1,0.4,438920,Golden State Warriors,48,34,0.585,24-17,24-17,West,11,3.8731431695981047
Peyton Watson,DEN,SF,22.0,68.0,18.0,24.4,0.477,0.353,0.693,3.4,1.4,0.7,1.4,0.8,8.1,11.4,0.564,13.9,2.5,0.073,-1.8,0.1,2413560,Denver Nuggets,50,32,0.61,26-15,24-17,West,6,1.0358143157824955
Day'Ron Sharpe,BRK,C,23.0,50.0,2.0,18.2,0.521,0.244,0.757,6.6,1.8,0.8,0.8,1.3,7.9,19.7,0.568,19.9,2.7,0.141,0.9,0.7,3989122,Brooklyn Nets,26,56,0.317,12-29,14-27,East,25,0.6768406681971623
Karlo Matkovic,NOP,PF,23.0,42.0,7.0,18.8,0.574,0.318,0.773,5.0,1.1,0.5,1.0,1.0,7.7,15.6,0.639,15.9,1.6,0.096,-2.0,0.0,1407153,New Orleans Pelicans,21,61,0.256,14-27,7-34,West,27,1.1370476415855277
Lonzo Ball,CHI,PG,27.0,35.0,14.0,22.2,0.366,0.344,0.815,3.4,3.3,1.3,0.5,1.2,7.6,12.2,0.524,15.9,1.2,0.075,0.2,0.4,21395348,Chicago Bulls,39,43,0.476,18-23,21-20,East,18,0.056086958716446214
Garrison Mathews,ATL,SG,28.0,47.0,2.0,17.7,0.397,0.39,0.821,1.9,1.3,0.6,0.3,0.7,7.5,11.2,0.606,15.9,1.5,0.087,-1.6,0.1,2230253,Atlanta Hawks,40,42,0.488,21-19,19-22,East,16,0.672569434947515
Matisse Thybulle,POR,SG,27.0,15.0,5.0,20.8,0.477,0.438,0.467,3.5,1.9,2.2,0.6,0.9,7.5,17.0,0.592,14.4,0.9,0.146,5.0,0.6,11025160,Portland Trail Blazers,36,46,0.439,22-19,14-27,West,21,0.08163146838685335
Josh Green,CHO,SG,24.0,68.0,67.0,27.8,0.428,0.391,0.681,2.5,1.6,1.1,0.2,1.0,7.4,7.8,0.559,11.8,1.5,0.037,-4.3,-1.1,12654321,Charlotte Hornets,19,63,0.232,12-29,7-34,East,28,0.11853658525020822
Richaun Holmes,WAS,PF,31.0,31.0,7.0,17.2,0.647,0.0,0.833,5.7,1.4,0.3,0.7,0.7,7.4,19.8,0.695,14.7,2.0,0.178,1.1,0.4,12648321,Washington Wizards,18,64,0.22,8-32,10-31,East,29,0.15812375413305846
Alec Burks,MIA,SG,33.0,49.0,14.0,17.6,0.424,0.425,0.776,2.5,1.1,0.6,0.1,0.6,7.3,12.8,0.608,16.5,1.8,0.1,0.3,0.5,2087519,Miami Heat,37,45,0.451,19-22,17-23,East,20,0.8622676009176444
Ricky Council IV,PHI,SF,23.0,73.0,12.0,17.1,0.382,0.258,0.804,2.9,1.3,0.4,0.2,0.7,7.3,11.6,0.502,20.3,0.6,0.023,-4.3,-0.7,1891857,Philadelphia 76ers,24,58,0.293,12-29,12-29,East,26,0.31714870627113995
Andre Drummond,PHI,C,31.0,40.0,23.0,18.8,0.5,0.15,0.622,7.8,0.9,1.0,0.5,1.4,7.3,16.0,0.535,19.1,1.2,0.078,-3.2,-0.2,5000000,Philadelphia 76ers,24,58,0.293,12-29,12-29,East,26,0.24
Goga Bitadze,ORL,C,25.0,70.0,42.0,20.4,0.611,0.107,0.639,6.6,2.0,0.7,1.4,1.0,7.2,19.2,0.631,14.3,5.8,0.195,2.5,1.6,9057971,Orlando Magic,41,41,0.5,22-19,19-22,East,15,0.6403200010245119
Vit Krejci,ATL,PG,24.0,57.0,16.0,20.2,0.497,0.437,0.711,2.7,2.6,0.6,0.5,0.9,7.2,12.7,0.661,12.9,2.6,0.11,0.7,0.8,2162606,Atlanta Hawks,40,42,0.488,21-19,19-22,East,16,1.2022532074728363
Sam Merrill,CLE,SG,28.0,71.0,4.0,19.7,0.406,0.372,0.966,2.2,1.5,0.7,0.2,0.5,7.2,11.1,0.583,14.3,3.3,0.113,0.3,0.8,2164993,Cleveland Cavaliers,64,18,0.78,34-7,30-11,East,2,1.5242543509378552
Jamison Battle,TOR,SF,23.0,59.0,10.0,17.7,0.429,0.405,0.889,2.7,0.9,0.3,0.2,0.5,7.1,10.7,0.59,15.3,1.7,0.079,-2.3,-0.1,1000000,Toronto Raptors,30,52,0.366,18-23,12-29,East,24,1.7
Alex Caruso,OKC,SG,30.0,54.0,3.0,19.3,0.446,0.353,0.824,2.9,2.5,1.6,0.6,0.7,7.1,15.9,0.568,15.2,3.9,0.18,4.0,1.6,9890000,Oklahoma City Thunder,68,14,0.829,35-6,32-8,West,1,0.39433771486349845
Jamal Shead,TOR,PG,22.0,75.0,11.0,19.6,0.405,0.323,0.768,1.5,4.2,0.8,0.1,1.6,7.1,9.9,0.499,18.6,0.8,0.027,-4.1,-0.8,1862265,Toronto Raptors,30,52,0.366,18-23,12-29,East,24,0.429584403938215
Jeff Dowtin Jr.,PHI,PG,27.0,41.0,3.0,15.1,0.487,0.4,0.733,1.5,1.9,0.6,0.3,0.4,7.0,16.1,0.57,18.6,1.3,0.103,0.2,0.3,2196970,Philadelphia 76ers,24,58,0.293,12-29,12-29,East,26,0.5917240563139233
Isaiah Jackson,IND,C,23.0,5.0,1.0,16.8,0.609,,0.5,5.6,1.0,0.6,1.6,1.0,7.0,18.2,0.6,17.6,0.3,0.153,0.8,0.1,4435381,Indiana Pacers,50,32,0.61,29-11,20-20,East,6,0.0676379323444818
Ryan Dunn,PHO,SF,22.0,74.0,44.0,19.1,0.43,0.311,0.487,3.6,0.8,0.6,0.5,0.5,6.9,10.7,0.517,16.7,1.0,0.034,-4.1,-0.7,2538240,Phoenix Suns,36,46,0.439,24-17,12-29,West,21,0.3939737771053959
Jay Huff,MEM,C,26.0,64.0,2.0,11.7,0.515,0.405,0.786,2.0,0.6,0.3,0.9,0.5,6.9,18.2,0.666,19.6,2.5,0.162,3.5,1.1,2088033,Memphis Grizzlies,48,34,0.585,26-15,22-19,West,11,1.1972990848324716
Cameron Payne,NYK,PG,30.0,72.0,5.0,15.1,0.401,0.363,0.907,1.4,2.8,0.5,0.2,0.7,6.9,13.8,0.532,20.8,2.3,0.099,-0.2,0.5,2087519,New York Knicks,51,31,0.622,27-14,24-17,East,5,1.1017863789503233
Antonio Reeves,NOP,SG,24.0,44.0,6.0,15.0,0.456,0.395,0.8,1.4,0.9,0.5,0.1,0.7,6.9,11.7,0.579,18.8,0.4,0.029,-3.2,-0.2,1157153,New Orleans Pelicans,21,61,0.256,14-27,7-34,West,27,0.34567598234632757
Bol Bol,PHO,PF,25.0,36.0,10.0,12.4,0.525,0.344,0.769,2.9,0.6,0.3,0.7,0.6,6.8,18.4,0.627,21.1,0.9,0.097,0.8,0.3,2087519,Phoenix Suns,36,46,0.439,24-17,12-29,West,21,0.4311338004588222
Eric Gordon,PHI,SG,36.0,39.0,13.0,19.7,0.426,0.409,0.75,1.2,1.7,0.7,0.3,0.7,6.8,10.8,0.591,14.4,0.9,0.053,-1.6,0.1,3303771,Philadelphia 76ers,24,58,0.293,12-29,12-29,East,26,0.27241597556247094
Jaxson Hayes,LAL,C,24.0,56.0,35.0,19.5,0.722,0.0,0.622,4.8,1.0,0.6,0.9,0.8,6.8,15.8,0.72,12.4,3.7,0.162,-0.3,0.5,2463946,Los Angeles Lakers,50,32,0.61,31-10,19-22,West,6,1.5016562862984824
DaQuan Jeffries,CHO,SG,27.0,47.0,20.0,22.8,0.405,0.335,0.8,2.9,1.1,0.6,0.5,0.7,6.7,7.9,0.518,13.5,0.6,0.027,-4.7,-0.7,2425204,Charlotte Hornets,19,63,0.232,12-29,7-34,East,28,0.24740186804903835
Precious Achiuwa,NYK,C,25.0,57.0,10.0,20.5,0.502,0.278,0.594,5.6,1.0,0.8,0.7,0.8,6.6,13.6,0.53,14.9,2.3,0.095,-1.9,0.0,6000000,New York Knicks,51,31,0.622,27-14,24-17,East,5,0.3833333333333333
Trayce Jackson-Davis,GSW,C,24.0,62.0,37.0,15.6,0.576,0.0,0.578,5.0,1.7,0.4,0.6,0.7,6.6,18.5,0.587,17.1,3.4,0.167,1.2,0.8,1891857,Golden State Warriors,48,34,0.585,24-17,24-17,West,11,1.7971760022031265
Marcus Sasser,DET,PG,24.0,57.0,1.0,14.2,0.463,0.382,0.843,1.2,2.3,0.6,0.1,0.9,6.6,14.0,0.589,19.4,1.8,0.108,-0.6,0.3,2755080,Detroit Pistons,44,38,0.537,22-19,22-19,East,14,0.6533385600418137
Vince Williams Jr.,MEM,SG,24.0,27.0,5.0,18.5,0.401,0.274,0.792,3.6,2.0,0.4,0.3,1.2,6.6,9.2,0.504,17.0,0.4,0.04,-2.8,-0.1,2120693,Memphis Grizzlies,48,34,0.585,26-15,22-19,West,11,0.1886175886844536
Donovan Clingan,POR,C,20.0,67.0,37.0,19.8,0.539,0.286,0.596,7.9,1.1,0.5,1.6,1.1,6.5,17.4,0.574,14.2,4.0,0.144,-0.3,0.6,6586440,Portland Trail Blazers,36,46,0.439,22-19,14-27,West,21,0.6073083486678692
Seth Curry,CHO,SG,34.0,68.0,14.0,15.6,0.478,0.456,0.846,1.7,0.9,0.4,0.1,0.5,6.5,12.2,0.616,15.7,1.8,0.08,-1.7,0.1,2087519,Charlotte Hornets,19,63,0.232,12-29,7-34,East,28,0.8622676009176444
Haywood Highsmith,MIA,SF,28.0,74.0,42.0,24.6,0.458,0.382,0.721,3.4,1.5,0.9,0.5,0.7,6.5,9.9,0.583,11.3,3.3,0.088,-1.9,0.1,5200000,Miami Heat,37,45,0.451,19-22,17-23,East,20,0.6346153846153846
Talen Horton-Tucker,CHI,SG,24.0,58.0,0.0,12.5,0.457,0.336,0.735,1.7,1.4,0.4,0.2,0.7,6.5,13.8,0.567,21.6,1.1,0.075,-2.4,-0.1,2087519,Chicago Bulls,39,43,0.476,18-23,21-20,East,18,0.5269413116718938
Trey Lyles,SAC,PF,29.0,69.0,5.0,19.6,0.42,0.34,0.7,4.6,1.2,0.6,0.3,0.6,6.5,12.3,0.551,14.3,2.6,0.091,-0.7,0.4,8000000,Sacramento Kings,40,42,0.488,20-21,20-21,West,16,0.325
Ajay Mitchell,OKC,SG,22.0,36.0,1.0,16.6,0.495,0.383,0.829,1.9,1.8,0.7,0.1,0.8,6.5,12.0,0.587,16.2,1.5,0.122,-1.6,0.1,3000000,Oklahoma City Thunder,68,14,0.829,35-6,32-8,West,1,0.5
Gary Payton II,GSW,SG,32.0,62.0,11.0,15.0,0.574,0.326,0.711,3.0,1.3,0.8,0.3,0.6,6.5,16.2,0.635,16.1,3.0,0.155,1.4,0.8,9130000,Golden State Warriors,48,34,0.585,24-17,24-17,West,11,0.32858707557502737
Kris Dunn,LAC,PG,30.0,74.0,58.0,24.1,0.439,0.335,0.682,3.4,2.8,1.7,0.4,1.0,6.4,11.3,0.531,12.7,4.0,0.108,0.6,1.2,5168000,LA Clippers,50,32,0.61,30-11,20-21,West,6,0.7739938080495355
Gabe Vincent,LAL,PG,28.0,72.0,11.0,21.2,0.4,0.353,0.714,1.3,1.4,0.7,0.2,0.6,6.4,7.4,0.536,13.5,1.3,0.039,-4.0,-0.8,11000000,Los Angeles Lakers,50,32,0.61,31-10,19-22,West,6,0.11818181818181818
Sandro Mamukelashvili,SAS,PF,25.0,61.0,0.0,11.2,0.502,0.373,0.741,3.1,0.8,0.4,0.3,0.4,6.3,19.7,0.628,20.8,2.2,0.152,2.3,0.7,2087519,San Antonio Spurs,34,48,0.415,20-20,13-27,West,23,1.0538826233437877
Jeremiah Robinson-Earl,NOP,PF,24.0,66.0,9.0,18.8,0.455,0.341,0.836,4.8,1.3,0.6,0.1,0.8,6.3,12.9,0.563,14.4,1.7,0.067,-2.5,-0.2,2196970,New Orleans Pelicans,21,61,0.256,14-27,7-34,West,27,0.7737929967182073
Kenrich Williams,OKC,PF,30.0,69.0,7.0,16.4,0.483,0.386,0.718,3.5,1.4,0.6,0.1,0.6,6.3,13.7,0.587,15.4,3.6,0.151,0.6,0.7,6669000,Oklahoma City Thunder,68,14,0.829,35-6,32-8,West,1,0.5398110661268557
Jonathan Mogbo,TOR,PF,23.0,63.0,18.0,20.4,0.438,0.243,0.732,4.9,2.3,0.9,0.5,1.1,6.2,11.9,0.496,15.0,1.9,0.071,-1.9,0.0,1862265,Toronto Raptors,30,52,0.366,18-23,12-29,East,24,1.0202629593532606
Ryan Rollins,MIL,PG,22.0,56.0,19.0,14.6,0.487,0.408,0.8,1.9,1.9,0.8,0.3,0.9,6.2,14.0,0.6,18.4,1.7,0.101,-0.5,0.3,491887,Milwaukee Bucks,48,34,0.585,27-14,20-20,East,11,3.4560783269328117
Isaac Okoro,CLE,SG,24.0,55.0,22.0,19.1,0.464,0.371,0.717,2.4,1.2,0.6,0.3,0.4,6.1,10.7,0.587,12.5,2.5,0.115,-0.5,0.4,10185185,Cleveland Cavaliers,64,18,0.78,34-7,30-11,East,2,0.24545454991735544
Jarace Walker,IND,PF,21.0,75.0,5.0,15.8,0.472,0.405,0.667,3.1,1.5,0.7,0.3,1.0,6.1,11.9,0.59,17.1,1.6,0.065,-0.9,0.3,6362520,Indiana Pacers,50,32,0.61,29-11,20-20,East,6,0.2514726869227916
Mouhamed Gueye,ATL,PF,22.0,33.0,28.0,16.2,0.421,0.259,0.762,4.2,0.8,0.8,1.0,0.5,6.0,14.4,0.52,15.7,1.2,0.106,-0.6,0.2,1891858,Atlanta Hawks,40,42,0.488,21-19,19-22,East,16,0.6342970772647841
Luke Kornet,BOS,C,29.0,73.0,16.0,18.6,0.668,0.0,0.691,5.3,1.6,0.5,1.0,0.4,6.0,19.6,0.683,11.4,7.0,0.246,3.3,1.8,2087519,Boston Celtics,61,21,0.744,28-13,33-8,East,3,3.353262892457506
Isaiah Stewart,DET,C,23.0,72.0,4.0,19.9,0.559,0.321,0.759,5.5,1.7,0.4,1.4,0.9,6.0,14.6,0.616,12.4,4.3,0.144,0.6,0.9,15000000,Detroit Pistons,44,38,0.537,22-19,22-19,East,14,0.2866666666666667
James Wiseman,IND,C,23.0,1.0,0.0,5.0,0.5,0.0,1.0,1.0,0.0,0.0,0.0,0.0,6.0,31.2,0.615,42.2,0.0,0.237,1.6,0.0,2237691,Indiana Pacers,50,32,0.61,29-11,20-20,East,6,0.0
Simone Fontecchio,DET,SF,29.0,75.0,0.0,16.5,0.402,0.335,0.833,2.9,0.9,0.4,0.2,0.7,5.9,9.7,0.544,15.8,1.6,0.063,-2.9,-0.3,7692308,Detroit Pistons,44,38,0.537,22-19,22-19,East,14,0.20799999168000036
Tidjane Salaun,CHO,PF,19.0,60.0,10.0,20.7,0.33,0.283,0.713,4.7,1.2,0.5,0.2,1.0,5.9,7.7,0.457,15.2,0.0,0.002,-5.2,-1.0,7488720,Charlotte Hornets,19,63,0.232,12-29,7-34,East,28,0.0
Jaylin Williams,OKC,PF,22.0,47.0,9.0,16.7,0.439,0.399,0.767,5.6,2.6,0.5,0.6,0.7,5.9,16.4,0.594,14.6,3.3,0.199,4.3,1.2,2019699,Oklahoma City Thunder,68,14,0.829,35-6,32-8,West,1,1.6339068346322891
Adem Bona,PHI,C,21.0,58.0,11.0,15.6,0.703,0.0,0.67,4.2,0.5,0.4,1.2,1.1,5.8,16.5,0.714,14.3,2.3,0.121,-2.7,-0.2,1157153,Philadelphia 76ers,24,58,0.293,12-29,12-29,East,26,1.9876368984913833
Moussa Diabate,CHO,C,23.0,71.0,8.0,17.5,0.596,0.0,0.595,6.2,0.8,0.6,0.6,0.9,5.7,16.5,0.609,13.4,3.2,0.125,-1.9,0.0,957763,Charlotte Hornets,19,63,0.232,12-29,7-34,East,28,3.3411188362883095
Landry Shamet,NYK,SG,27.0,50.0,0.0,15.2,0.461,0.397,0.667,1.2,0.5,0.5,0.0,0.4,5.7,9.7,0.601,14.8,1.0,0.065,-2.4,-0.1,1343690,New York Knicks,51,31,0.622,27-14,24-17,East,5,0.7442192767677068
Dariq Whitehead,BRK,SF,20.0,20.0,0.0,12.3,0.406,0.446,0.6,1.5,0.6,0.3,0.1,0.8,5.7,9.4,0.58,20.1,0.1,0.01,-3.7,-0.1,3114240,Brooklyn Nets,26,56,0.317,12-29,14-27,East,25,0.03211056309083436
Jordan Goodwin,LAL,PG,26.0,29.0,5.0,18.7,0.438,0.382,0.818,3.9,1.4,1.0,0.4,0.9,5.6,12.1,0.541,14.1,1.0,0.084,-0.8,0.2,223718,Los Angeles Lakers,50,32,0.61,31-10,19-22,West,6,4.469913015492718
Aaron Holiday,HOU,PG,28.0,62.0,3.0,12.8,0.437,0.398,0.829,1.3,1.3,0.3,0.2,0.6,5.5,12.2,0.594,16.8,2.0,0.122,-0.2,0.3,4668000,Houston Rockets,52,30,0.634,29-12,23-17,West,4,0.4284490145672665
Jeff Green,HOU,PF,38.0,32.0,3.0,12.4,0.504,0.367,0.808,1.8,0.6,0.2,0.1,0.3,5.4,13.6,0.649,14.7,1.3,0.159,0.4,0.2,8000000,Houston Rockets,52,30,0.634,29-12,23-17,West,4,0.1625
Jonathan Isaac,ORL,PF,27.0,71.0,1.0,15.4,0.414,0.258,0.682,4.4,0.6,0.9,1.1,0.5,5.4,16.6,0.512,16.2,3.4,0.148,0.7,0.7,25000000,Orlando Magic,41,41,0.5,22-19,19-22,East,15,0.136
Dean Wade,CLE,PF,28.0,59.0,30.0,21.2,0.413,0.36,0.533,4.2,1.3,0.7,0.3,0.4,5.4,10.1,0.563,10.4,3.0,0.113,0.3,0.7,6166667,Cleveland Cavaliers,64,18,0.78,34-7,30-11,East,2,0.48648646018992103
Kobe Bufkin,ATL,SG,21.0,10.0,0.0,12.4,0.383,0.211,0.722,2.1,1.7,0.3,0.2,0.8,5.3,10.5,0.483,20.8,0.0,0.018,-4.0,-0.1,4299000,Atlanta Hawks,40,42,0.488,21-19,19-22,East,16,0.0
Pat Connaughton,MIL,SG,32.0,41.0,1.0,14.7,0.469,0.321,0.774,2.7,1.7,0.2,0.3,0.6,5.3,12.1,0.567,15.6,1.2,0.093,-2.3,0.0,9423869,Milwaukee Bucks,48,34,0.585,27-14,20-20,East,11,0.12733623525539245
Kevin Love,MIA,PF,36.0,23.0,9.0,10.9,0.357,0.358,0.696,4.1,1.0,0.7,0.2,0.6,5.3,16.2,0.488,24.6,0.4,0.083,0.4,0.2,3850000,Miami Heat,37,45,0.451,19-22,17-23,East,20,0.1038961038961039
Ben Sheppard,IND,SG,23.0,63.0,9.0,19.5,0.418,0.342,0.889,2.8,1.3,0.6,0.2,0.3,5.3,9.2,0.555,11.3,2.1,0.081,-2.0,0.0,2663880,Indiana Pacers,50,32,0.61,29-11,20-20,East,6,0.788323798369296
Monte Morris,PHO,PG,29.0,45.0,0.0,12.7,0.426,0.36,0.857,1.5,1.6,0.4,0.1,0.5,5.2,13.1,0.546,18.1,0.8,0.064,-1.8,0.0,2087519,Phoenix Suns,36,46,0.439,24-17,12-29,West,21,0.3832300448522864
Jabari Walker,POR,PF,22.0,60.0,1.0,12.5,0.515,0.389,0.69,3.5,0.6,0.6,0.1,0.6,5.2,15.0,0.601,16.3,2.0,0.128,-0.8,0.2,2019699,Portland Trail Blazers,36,46,0.439,22-19,14-27,West,21,0.9902465664438116
Bismack Biyombo,SAS,C,32.0,28.0,26.0,18.9,0.588,,0.4,5.6,1.1,0.6,0.8,1.0,5.1,12.2,0.576,12.3,0.8,0.071,-3.6,-0.2,503884,San Antonio Spurs,34,48,0.415,20-20,13-27,West,23,1.587667002722849
Mitchell Robinson,NYK,C,26.0,17.0,3.0,17.1,0.661,,0.684,5.9,0.8,0.9,1.1,0.6,5.1,20.4,0.676,11.1,1.3,0.221,3.3,0.4,14318182,New York Knicks,51,31,0.622,27-14,24-17,East,5,0.09079364964071557
Malaki Branham,SAS,SG,21.0,47.0,0.0,9.1,0.458,0.405,0.818,1.1,0.8,0.2,0.0,0.7,5.0,12.0,0.575,23.8,0.1,0.007,-3.2,-0.1,3217920,San Antonio Spurs,34,48,0.415,20-20,13-27,West,23,0.031075974542561658
Neemias Queta,BOS,C,25.0,62.0,6.0,13.9,0.65,0.0,0.754,3.8,0.7,0.3,0.7,0.6,5.0,16.3,0.674,13.7,3.2,0.179,-0.7,0.3,2162606,Boston Celtics,61,21,0.744,28-13,33-8,East,3,1.479696255351183
Jock Landale,HOU,C,29.0,42.0,3.0,11.9,0.533,0.423,0.675,3.3,0.9,0.3,0.2,0.5,4.8,16.0,0.59,15.7,1.7,0.159,0.4,0.3,8000000,Houston Rockets,52,30,0.634,29-12,23-17,West,4,0.2125
Taylor Hendricks,UTA,PF,21.0,3.0,3.0,25.0,0.222,0.25,0.75,5.0,0.7,1.7,1.3,0.7,4.7,7.1,0.354,12.1,0.0,-0.008,-3.5,0.0,5848680,Utah Jazz,17,65,0.207,10-31,7-34,West,30,0.0
Pelle Larsson,MIA,SG,23.0,55.0,8.0,14.2,0.438,0.337,0.672,1.7,1.2,0.6,0.1,0.4,4.6,10.2,0.546,14.4,1.4,0.086,-3.1,-0.2,1157143,Miami Heat,37,45,0.451,19-22,17-23,East,20,1.2098763938424204
Julian Phillips,CHI,SF,21.0,79.0,5.0,14.2,0.446,0.327,0.789,2.1,0.5,0.5,0.3,0.3,4.6,10.2,0.571,12.9,1.9,0.08,-3.0,-0.3,1891857,Chicago Bulls,39,43,0.476,18-23,21-20,East,18,1.0043042365252766
Cody Williams,UTA,SG,20.0,50.0,21.0,21.2,0.323,0.259,0.725,2.3,1.2,0.5,0.3,0.9,4.6,3.7,0.419,12.5,-1.2,-0.053,-7.3,-1.4,5485080,Utah Jazz,17,65,0.207,10-31,7-34,West,30,-0.21877529589358768
Rob Dillingham,MIN,PG,20.0,49.0,1.0,10.5,0.441,0.338,0.533,1.0,2.0,0.4,0.0,1.1,4.5,10.2,0.503,22.7,0.1,0.012,-4.2,-0.3,6262920,Minnesota Timberwolves,49,33,0.598,25-16,24-17,West,10,0.015966993032004242
Jett Howard,ORL,SF,21.0,60.0,0.0,11.7,0.374,0.296,0.696,1.2,0.7,0.2,0.2,0.6,4.5,7.1,0.491,19.2,0.1,0.01,-5.3,-0.6,5278320,Orlando Magic,41,41,0.5,22-19,19-22,East,15,0.018945422028221102
Kevon Looney,GSW,C,28.0,76.0,6.0,15.0,0.514,0.4,0.566,6.1,1.6,0.6,0.5,0.5,4.5,17.0,0.535,13.3,4.3,0.182,0.3,0.7,8000000,Golden State Warriors,48,34,0.585,24-17,24-17,West,11,0.5375
Mason Plumlee,PHO,C,34.0,74.0,21.0,17.6,0.619,0.0,0.648,6.1,1.8,0.4,0.6,0.8,4.5,14.8,0.645,10.8,3.7,0.136,-0.6,0.5,2087519,Phoenix Suns,36,46,0.439,24-17,12-29,West,21,1.7724389574418247
Dalen Terry,CHI,SG,22.0,73.0,5.0,13.5,0.448,0.356,0.71,1.7,1.3,0.6,0.2,0.7,4.5,9.6,0.546,14.9,1.1,0.052,-3.8,-0.5,3510480,Chicago Bulls,39,43,0.476,18-23,21-20,East,18,0.31334746245527684
Charles Bassey,SAS,C,24.0,36.0,1.0,10.4,0.581,,0.636,4.2,0.5,0.4,0.8,0.6,4.4,19.0,0.597,17.5,1.1,0.136,-1.1,0.1,2087519,San Antonio Spurs,34,48,0.415,20-20,13-27,West,23,0.5269413116718938
Tony Bradley,IND,C,27.0,14.0,0.0,8.1,0.644,0.333,0.333,3.0,0.4,0.1,0.6,0.4,4.4,23.2,0.64,20.1,0.4,0.187,1.2,0.1,330394,Indiana Pacers,50,32,0.61,29-11,20-20,East,6,1.210675738663535
Reggie Jackson,PHI,PG,34.0,31.0,1.0,12.4,0.391,0.338,0.778,1.4,1.5,0.5,0.1,0.5,4.4,9.8,0.496,17.5,0.1,0.015,-4.0,-0.2,2087519,Philadelphia 76ers,24,58,0.293,12-29,12-29,East,26,0.0479037556065358
Reed Sheppard,HOU,PG,20.0,52.0,3.0,12.6,0.351,0.338,0.813,1.5,1.4,0.7,0.3,0.7,4.4,9.7,0.465,17.8,0.8,0.055,-1.7,0.1,10098960,Houston Rockets,52,30,0.634,29-12,23-17,West,4,0.079216077695129
Lamar Stevens,MEM,PF,27.0,17.0,1.0,9.1,0.46,0.296,0.727,2.2,0.5,0.3,0.2,0.6,4.4,11.5,0.545,20.2,0.2,0.052,-4.2,-0.1,383912,Memphis Grizzlies,48,34,0.585,26-15,22-19,West,11,0.5209527183312843
Jevon Carter,CHI,PG,29.0,36.0,1.0,8.9,0.377,0.333,0.8,1.1,1.1,0.4,0.1,0.3,4.3,12.2,0.509,21.0,0.3,0.046,-2.1,0.0,6500000,Chicago Bulls,39,43,0.476,18-23,21-20,East,18,0.04615384615384615
Terrence Shannon Jr.,MIN,SG,24.0,32.0,1.0,10.6,0.482,0.355,0.81,1.5,1.0,0.2,0.2,0.5,4.3,11.9,0.56,17.7,0.6,0.091,-2.1,0.0,2546640,Minnesota Timberwolves,49,33,0.598,25-16,24-17,West,10,0.23560456130430685
Daniel Theis,NOP,C,32.0,38.0,9.0,16.3,0.473,0.243,0.838,4.3,1.6,0.5,0.5,0.7,4.3,12.1,0.558,11.6,1.0,0.077,-3.3,-0.2,2087519,New Orleans Pelicans,21,61,0.256,14-27,7-34,West,27,0.479037556065358
Dominick Barlow,ATL,PF,21.0,35.0,4.0,10.7,0.531,0.259,0.636,2.4,0.5,0.3,0.5,0.1,4.2,14.6,0.58,14.5,1.0,0.131,-2.2,0.0,491887,Atlanta Hawks,40,42,0.488,21-19,19-22,East,16,2.032987251136948
Oso Ighodaro,PHO,PF,22.0,61.0,6.0,17.1,0.604,0.0,0.58,3.6,1.2,0.5,0.5,0.6,4.2,11.1,0.61,10.5,1.6,0.075,-2.6,-0.2,1157153,Phoenix Suns,36,46,0.439,24-17,12-29,West,21,1.3827039293853103
Kris Murray,POR,SF,24.0,69.0,6.0,15.1,0.419,0.225,0.456,2.6,1.0,0.5,0.2,0.6,4.2,9.1,0.472,13.9,0.7,0.033,-3.0,-0.3,2990040,Portland Trail Blazers,36,46,0.439,22-19,14-27,West,21,0.23411058046046204
Duop Reath,POR,C,28.0,46.0,0.0,10.2,0.422,0.321,0.909,2.0,0.6,0.3,0.3,0.3,4.2,13.7,0.552,17.0,1.0,0.105,-0.3,0.2,2048780,Portland Trail Blazers,36,46,0.439,22-19,14-27,West,21,0.4880953543084177
Jaylen Clark,MIN,SG,23.0,40.0,4.0,13.1,0.467,0.431,0.784,1.3,0.7,0.9,0.1,0.2,4.1,12.0,0.598,12.0,1.6,0.147,-0.2,0.2,429323,Minnesota Timberwolves,49,33,0.598,25-16,24-17,West,10,3.726797772306632
Caleb Houstan,ORL,SF,22.0,58.0,6.0,13.6,0.421,0.4,0.882,1.3,0.6,0.4,0.1,0.2,4.1,9.4,0.605,11.7,1.8,0.109,-2.2,0.0,2019693,Orlando Magic,41,41,0.5,22-19,19-22,East,15,0.8912245573956041
Jordan Miller,LAC,SF,25.0,37.0,0.0,11.4,0.433,0.211,0.8,1.6,0.9,0.5,0.1,0.7,4.1,10.5,0.509,18.2,0.4,0.049,-2.8,-0.1,1050000,LA Clippers,50,32,0.61,30-11,20-21,West,6,0.38095238095238093
Jalen Pickett,DEN,SG,25.0,49.0,4.0,13.6,0.428,0.396,0.75,1.4,2.2,0.4,0.1,0.5,4.1,10.9,0.545,13.2,1.1,0.078,-1.5,0.1,1891857,Denver Nuggets,50,32,0.61,26-15,24-17,West,6,0.5814392948304233
Paul Reed,DET,C,25.0,45.0,0.0,9.7,0.507,0.286,0.762,2.7,1.0,0.9,0.6,0.6,4.1,18.6,0.573,18.0,1.6,0.173,2.9,0.5,1427671,Detroit Pistons,44,38,0.537,22-19,22-19,East,14,1.1207063812320908
Gui Santos,GSW,PF,22.0,56.0,2.0,13.6,0.458,0.33,0.69,3.1,1.4,0.4,0.2,0.8,4.1,11.7,0.575,13.2,1.7,0.11,-1.7,0.1,1891857,Golden State Warriors,48,34,0.585,24-17,24-17,West,11,0.8985880011015632
Jarred Vanderbilt,LAL,PF,25.0,36.0,2.0,16.1,0.488,0.281,0.556,5.1,1.1,1.0,0.3,0.8,4.1,13.2,0.537,12.5,1.4,0.114,-1.0,0.2,10714286,Los Angeles Lakers,50,32,0.61,31-10,19-22,West,6,0.1306666631822223
Nicolas Batum,LAC,PF,36.0,78.0,8.0,17.5,0.437,0.433,0.81,2.8,1.1,0.7,0.5,0.4,4.0,10.3,0.633,9.0,3.5,0.124,0.8,1.0,4668000,LA Clippers,50,32,0.61,30-11,20-21,West,6,0.7497857754927163
Josh Richardson,MIA,SG,31.0,8.0,0.0,18.8,0.289,0.273,1.0,1.5,1.5,1.0,0.1,1.0,4.0,4.4,0.402,14.1,-0.1,-0.021,-6.7,-0.2,3051153,Miami Heat,37,45,0.451,19-22,17-23,East,20,-0.03277449541206227
Steven Adams,HOU,C,31.0,58.0,3.0,13.7,0.545,0.0,0.462,5.6,1.1,0.4,0.5,0.9,3.9,16.6,0.541,13.6,2.3,0.137,0.3,0.5,12600000,Houston Rockets,52,30,0.634,29-12,23-17,West,4,0.18253968253968253
Kyle Lowry,PHI,PG,38.0,35.0,12.0,18.8,0.35,0.33,0.818,1.9,2.7,0.9,0.3,0.6,3.9,9.8,0.525,10.1,1.0,0.07,-1.3,0.1,2087519,Philadelphia 76ers,24,58,0.293,12-29,12-29,East,26,0.479037556065358
Olivier-Maxence Prosper,DAL,PF,22.0,52.0,4.0,11.2,0.402,0.235,0.645,2.4,0.8,0.5,0.1,0.3,3.9,12.6,0.484,16.3,0.9,0.072,-2.1,0.0,2869920,Dallas Mavericks,39,43,0.476,22-18,17-25,West,18,0.31359759157049677
Branden Carlson,OKC,C,25.0,32.0,0.0,7.7,0.443,0.333,0.778,1.7,0.4,0.2,0.7,0.2,3.8,17.6,0.581,19.3,0.9,0.177,1.3,0.2,990895,Oklahoma City Thunder,68,14,0.829,35-6,32-8,West,1,0.9082697964971062
Devin Carter,SAC,PG,22.0,36.0,0.0,11.0,0.37,0.295,0.591,2.1,1.1,0.6,0.1,0.5,3.8,10.8,0.471,17.9,0.4,0.043,-3.2,-0.1,4702800,Sacramento Kings,40,42,0.488,20-21,20-21,West,16,0.08505571149102663
Ousmane Dieng,OKC,C,21.0,37.0,1.0,10.9,0.432,0.324,0.688,2.2,0.8,0.5,0.2,0.5,3.8,11.5,0.538,15.7,0.9,0.104,-0.9,0.1,5027040,Oklahoma City Thunder,68,14,0.829,35-6,32-8,West,1,0.17903179604697794
DeAndre Jordan,DEN,C,36.0,56.0,5.0,12.3,0.65,,0.422,5.1,0.9,0.3,0.5,0.7,3.7,15.4,0.621,12.8,1.8,0.127,-1.2,0.2,2087519,Denver Nuggets,50,32,0.61,26-15,24-17,West,6,0.8622676009176444
Craig Porter Jr.,CLE,PG,24.0,51.0,1.0,10.1,0.514,0.438,0.719,1.3,1.4,0.3,0.3,0.7,3.7,13.1,0.61,15.9,1.1,0.102,1.1,0.4,1891857,Cleveland Cavaliers,64,18,0.78,34-7,30-11,East,2,0.5814392948304233
Blake Wesley,SAS,SG,21.0,58.0,0.0,11.8,0.435,0.293,0.623,1.1,2.0,0.6,0.1,0.9,3.7,9.9,0.51,16.7,0.2,0.011,-4.2,-0.4,2624280,San Antonio Spurs,34,48,0.415,20-20,13-27,West,23,0.07621137988324417
Baylor Scheierman,BOS,SG,24.0,31.0,2.0,12.4,0.355,0.317,0.75,2.1,1.1,0.5,0.1,0.4,3.6,10.3,0.49,14.5,0.7,0.089,-1.7,0.0,2494320,Boston Celtics,61,21,0.744,28-13,33-8,East,3,0.2806376086468456
Jae'Sean Tate,HOU,SF,29.0,52.0,2.0,11.3,0.473,0.348,0.681,2.3,0.9,0.5,0.1,0.4,3.6,12.3,0.557,13.3,1.6,0.133,-0.7,0.2,7565217,Houston Rockets,52,30,0.634,29-12,23-17,West,4,0.21149426381292172
Jaylon Tyson,CLE,SG,22.0,47.0,3.0,9.6,0.43,0.345,0.792,2.0,0.9,0.3,0.1,0.6,3.6,11.1,0.523,17.4,0.8,0.083,-2.7,-0.1,3326160,Cleveland Cavaliers,64,18,0.78,34-7,30-11,East,2,0.24051759386199104
Luka Garza,MIN,C,26.0,39.0,0.0,5.6,0.495,0.278,0.686,1.4,0.3,0.2,0.1,0.3,3.5,18.8,0.573,26.2,0.7,0.144,-2.3,0.0,2162606,Minnesota Timberwolves,49,33,0.598,25-16,24-17,West,10,0.32368355585807124
Cory Joseph,ORL,PG,33.0,50.0,16.0,12.2,0.403,0.364,0.778,1.5,1.4,0.5,0.1,0.4,3.5,10.9,0.547,12.8,1.5,0.114,-0.8,0.2,3303771,Orlando Magic,41,41,0.5,22-19,19-22,East,15,0.4540266259374515
Doug McDermott,SAC,SF,33.0,42.0,3.0,8.1,0.427,0.436,0.6,0.5,0.2,0.1,0.0,0.1,3.5,9.5,0.617,15.7,0.4,0.061,-3.2,-0.1,2087519,Sacramento Kings,40,42,0.488,20-21,20-21,West,16,0.1916150224261432
Dario Saric,DEN,C,30.0,16.0,4.0,13.1,0.362,0.269,0.7,3.1,1.4,0.4,0.1,0.9,3.5,7.7,0.449,15.6,0.0,0.001,-4.8,-0.1,5168000,Denver Nuggets,50,32,0.61,26-15,24-17,West,6,0.0
Bruno Fernando,TOR,C,26.0,17.0,2.0,8.6,0.531,,0.75,3.0,1.1,0.2,0.5,0.8,3.4,15.3,0.552,18.9,0.3,0.085,-0.7,0.1,2087519,Toronto Raptors,30,52,0.366,18-23,12-29,East,24,0.1437112668196074
Andre Jackson Jr.,MIL,SG,23.0,67.0,43.0,14.6,0.477,0.395,0.5,2.7,1.2,0.5,0.2,0.9,3.4,8.6,0.554,11.9,1.2,0.059,-3.4,-0.3,1891857,Milwaukee Bucks,48,34,0.585,27-14,20-20,East,11,0.6342974125422799
Isaac Jones,SAC,PF,24.0,40.0,0.0,7.6,0.651,0.375,0.639,1.4,0.3,0.1,0.3,0.4,3.4,15.2,0.678,16.3,0.7,0.115,-1.7,0.0,152957,Sacramento Kings,40,42,0.488,20-21,20-21,West,16,4.576449590407761
Damion Lee,PHO,SG,32.0,25.0,0.0,5.8,0.365,0.243,0.952,0.8,0.4,0.2,0.0,0.4,3.3,11.9,0.499,28.6,-0.1,-0.031,-5.1,-0.1,2087519,Phoenix Suns,36,46,0.439,24-17,12-29,West,21,-0.0479037556065358
Nate Williams,HOU,SG,25.0,20.0,0.0,7.4,0.435,0.231,0.625,0.7,0.5,0.4,0.2,0.7,3.3,8.6,0.496,22.3,0.0,-0.007,-5.7,-0.1,515881,Houston Rockets,52,30,0.634,29-12,23-17,West,4,0.0
Zeke Nnaji,DEN,PF,24.0,57.0,4.0,10.7,0.496,0.327,0.614,1.6,0.4,0.4,0.7,0.2,3.2,12.0,0.574,12.2,1.2,0.097,-1.3,0.1,8888889,Denver Nuggets,50,32,0.61,26-15,24-17,West,6,0.1349999983125
Cam Reddish,LAL,SF,25.0,33.0,8.0,17.8,0.404,0.277,0.615,2.0,0.7,1.0,0.3,0.4,3.2,7.4,0.498,8.8,0.7,0.054,-2.7,-0.1,2463946,Los Angeles Lakers,50,32,0.61,31-10,19-22,West,6,0.28409713524565877
Gary Harris,ORL,SG,30.0,48.0,3.0,14.8,0.383,0.356,0.583,1.3,0.6,0.5,0.3,0.4,3.0,6.9,0.524,9.5,1.0,0.067,-2.7,-0.1,6730769,Orlando Magic,41,41,0.5,22-19,19-22,East,15,0.1485714336653063
Maxi Kleber,DAL,PF,33.0,34.0,4.0,18.7,0.385,0.265,0.762,2.8,1.3,0.3,0.5,0.7,3.0,5.6,0.489,8.7,0.3,0.023,-3.8,-0.3,11000000,Dallas Mavericks,39,43,0.476,22-18,17-25,West,18,0.02727272727272727
Rayan Rupert,POR,SG,20.0,52.0,0.0,8.8,0.408,0.271,0.767,1.3,0.5,0.3,0.1,0.6,3.0,8.1,0.499,16.8,0.1,0.007,-4.7,-0.3,1891857,Portland Trail Blazers,36,46,0.439,22-19,14-27,West,21,0.05285811771185666
P.J. Tucker,NYK,SF,39.0,3.0,1.0,19.3,0.429,0.5,,2.7,0.0,0.3,0.3,0.3,3.0,5.5,0.643,6.0,0.1,0.07,-7.2,-0.1,246833,New York Knicks,51,31,0.622,27-14,24-17,East,5,0.4051322148983321
Markelle Fultz,SAC,PG,26.0,21.0,0.0,8.8,0.418,0.5,1.0,1.0,1.3,0.5,0.1,0.7,2.9,8.9,0.452,19.3,-0.1,-0.026,-4.7,-0.1,731831,Sacramento Kings,40,42,0.488,20-21,20-21,West,16,-0.1366435693486611
Taj Gibson,CHO,C,39.0,37.0,11.0,11.1,0.495,0.5,0.6,3.2,0.6,0.2,0.5,0.7,2.9,10.8,0.515,13.4,0.4,0.043,-5.3,-0.3,2087519,Charlotte Hornets,19,63,0.232,12-29,7-34,East,28,0.1916150224261432
Tyler Smith,MIL,PF,20.0,23.0,0.0,5.3,0.48,0.433,0.75,1.1,0.2,0.1,0.2,0.3,2.9,15.2,0.626,22.1,0.2,0.083,-0.9,0.0,1157153,Milwaukee Bucks,48,34,0.585,27-14,20-20,East,11,0.17283799117316379
Keshad Johnson,MIA,SF,23.0,16.0,0.0,6.1,0.692,0.429,0.444,1.8,0.3,0.3,0.3,0.3,2.7,19.1,0.718,15.4,0.4,0.181,-0.1,0.0,724883,Miami Heat,37,45,0.451,19-22,17-23,East,20,0.5518131891629408
Jae Crowder,SAC,PF,34.0,9.0,2.0,11.4,0.318,0.267,0.833,2.2,0.7,0.3,0.0,0.4,2.6,6.6,0.467,12.0,0.1,0.026,-4.3,-0.1,1655619,Sacramento Kings,40,42,0.488,20-21,20-21,West,16,0.06040036989186522
Josh Minott,MIN,SF,22.0,46.0,0.0,6.0,0.489,0.326,0.895,1.0,0.4,0.3,0.3,0.2,2.6,15.5,0.605,17.2,0.9,0.153,2.2,0.3,2019699,Minnesota Timberwolves,49,33,0.598,25-16,24-17,West,10,0.44561095489971525
Hunter Tyson,DEN,PF,24.0,51.0,2.0,7.8,0.375,0.311,0.75,1.5,0.4,0.2,0.1,0.3,2.6,9.0,0.506,15.5,0.4,0.047,-4.8,-0.3,1891857,Denver Nuggets,50,32,0.61,26-15,24-17,West,6,0.21143247084742664
Anthony Gill,WAS,PF,32.0,51.0,0.0,7.8,0.489,0.323,0.66,1.3,0.3,0.2,0.0,0.2,2.5,10.2,0.586,12.7,0.5,0.058,-4.5,-0.3,2237691,Washington Wizards,18,64,0.22,8-32,10-31,East,29,0.22344461321960898
Dillon Jones,OKC,SF,23.0,54.0,3.0,10.2,0.383,0.254,0.607,2.2,1.1,0.3,0.1,0.5,2.5,8.1,0.464,13.3,0.8,0.067,-4.0,-0.3,2622360,Oklahoma City Thunder,68,14,0.829,35-6,32-8,West,1,0.3050687167284431
Pat Spencer,GSW,PG,28.0,39.0,0.0,6.4,0.406,0.227,0.733,1.2,1.2,0.4,0.1,0.5,2.5,12.6,0.455,21.2,0.3,0.055,-1.6,0.0,438810,Golden State Warriors,48,34,0.585,24-17,24-17,West,11,0.683667190811513
Johnny Davis,WAS,SG,22.0,34.0,0.0,7.1,0.41,0.241,0.6,1.1,0.3,0.4,0.2,0.2,2.4,10.2,0.473,15.9,0.1,0.01,-2.8,0.0,5291160,Washington Wizards,18,64,0.22,8-32,10-31,East,29,0.018899447380158606
John Konchar,MEM,SG,28.0,46.0,4.0,12.1,0.451,0.371,0.875,3.3,0.9,0.7,0.3,0.3,2.4,12.1,0.592,8.0,1.5,0.131,1.7,0.5,6165000,Memphis Grizzlies,48,34,0.585,26-15,22-19,West,11,0.24330900243309003
Bronny James,LAL,SG,20.0,27.0,1.0,6.7,0.313,0.281,0.786,0.7,0.8,0.3,0.1,0.5,2.3,7.1,0.424,20.9,-0.2,-0.043,-7.2,-0.2,1157153,Los Angeles Lakers,50,32,0.61,31-10,19-22,West,6,-0.17283799117316379
Chris Duarte,CHI,SG,27.0,17.0,0.0,4.4,0.462,0.4,0.75,1.2,0.5,0.0,0.0,0.1,2.1,16.5,0.61,17.2,0.3,0.171,1.2,0.1,5893768,Chicago Bulls,39,43,0.476,18-23,21-20,East,18,0.050901223122457484
Johnny Furphy,IND,SG,20.0,50.0,0.0,7.6,0.38,0.3,0.818,1.4,0.4,0.4,0.2,0.2,2.1,9.8,0.506,13.0,0.5,0.07,-2.5,0.0,1850842,Indiana Pacers,50,32,0.61,29-11,20-20,East,6,0.2701473167347618
Dwight Powell,DAL,C,33.0,55.0,3.0,10.0,0.689,0.4,0.651,2.1,1.0,0.3,0.4,0.3,2.1,12.9,0.713,7.6,1.7,0.147,0.0,0.3,4000000,Dallas Mavericks,39,43,0.476,22-18,17-25,West,18,0.425
Tyler Kolek,NYK,PG,23.0,41.0,0.0,7.2,0.329,0.298,0.765,0.7,1.7,0.3,0.1,0.4,2.0,10.3,0.453,15.8,0.4,0.058,-2.8,-0.1,2087519,New York Knicks,51,31,0.622,27-14,24-17,East,5,0.1916150224261432
Kobe Brown,LAC,PF,25.0,40.0,0.0,6.8,0.458,0.231,0.714,1.6,0.6,0.2,0.1,0.3,1.9,10.8,0.513,14.0,0.5,0.085,-2.1,0.0,2533920,LA Clippers,50,32,0.61,30-11,20-21,West,6,0.19732272526362316
Ariel Hukporti,NYK,C,22.0,25.0,1.0,8.7,0.677,,0.462,2.0,0.4,0.0,0.6,0.8,1.9,7.6,0.654,11.6,0.1,0.02,-5.6,-0.2,1064558,New York Knicks,51,31,0.622,27-14,24-17,East,5,0.09393569913522797
Bobi Klintman,DET,SF,21.0,8.0,0.0,5.3,0.6,0.4,0.5,0.9,0.9,0.3,0.1,0.1,1.9,15.9,0.689,11.9,0.2,0.208,1.0,0.0,1257153,Detroit Pistons,44,38,0.537,22-19,22-19,East,14,0.15908962552688496
Garrett Temple,TOR,SG,38.0,28.0,0.0,8.1,0.3,0.214,0.917,1.0,1.1,0.6,0.1,0.4,1.9,8.5,0.406,13.9,0.2,0.033,-3.6,-0.1,2087519,Toronto Raptors,30,52,0.366,18-23,12-29,East,24,0.0958075112130716
Vlatko Cancar,DEN,PF,27.0,13.0,0.0,10.5,0.385,0.267,,2.5,0.7,0.2,0.2,0.8,1.8,4.6,0.462,11.5,-0.1,-0.034,-7.1,-0.2,2087519,Denver Nuggets,50,32,0.61,26-15,24-17,West,6,-0.0479037556065358
E.J. Liddell,CHI,PF,24.0,12.0,0.0,4.4,0.533,0.3,1.0,0.8,0.3,0.1,0.1,0.2,1.8,11.1,0.661,14.1,0.1,0.108,-4.1,0.0,2120693,Chicago Bulls,39,43,0.476,18-23,21-20,East,18,0.0471543971711134
Pacome Dadiet,NYK,SG,19.0,18.0,0.0,6.2,0.323,0.316,0.667,1.0,0.3,0.2,0.1,0.2,1.7,6.3,0.446,14.7,0.0,0.002,-6.5,-0.1,1808080,New York Knicks,51,31,0.622,27-14,24-17,East,5,0.0
Tristan Thompson,CLE,C,33.0,40.0,0.0,8.2,0.437,0.0,0.233,3.4,0.6,0.1,0.3,0.4,1.7,9.1,0.41,12.7,0.4,0.057,-4.6,-0.2,2087519,Cleveland Cavaliers,64,18,0.78,34-7,30-11,East,2,0.1916150224261432
Jordan Walsh,BOS,PF,20.0,52.0,1.0,7.8,0.361,0.273,0.583,1.3,0.4,0.2,0.2,0.3,1.6,6.9,0.464,11.5,0.4,0.044,-3.9,-0.2,1891857,Boston Celtics,61,21,0.744,28-13,33-8,East,3,0.21143247084742664
Leonard Miller,MIN,SF,21.0,13.0,0.0,2.5,0.4,0.0,1.0,0.8,0.0,0.2,0.1,0.2,1.5,19.9,0.54,27.8,0.1,0.145,-3.7,0.0,1891857,Minnesota Timberwolves,49,33,0.598,25-16,24-17,West,10,0.05285811771185666
Matt Ryan,NYK,SF,27.0,19.0,0.0,3.6,0.323,0.316,1.0,0.4,0.2,0.1,0.0,0.2,1.5,6.1,0.439,22.3,-0.1,-0.057,-7.5,-0.1,1919558,New York Knicks,51,31,0.622,27-14,24-17,East,5,-0.05209532611153193
Cam Christie,LAC,SG,19.0,13.0,0.0,4.5,0.292,0.154,0.5,0.9,0.5,0.4,0.1,0.2,1.4,9.1,0.349,20.5,0.0,-0.005,-2.5,0.0,1157153,LA Clippers,50,32,0.61,30-11,20-21,West,6,0.0
Chris Livingston,MIL,SF,21.0,21.0,1.0,5.0,0.333,0.0,0.75,1.7,0.2,0.2,0.0,0.3,1.4,9.8,0.441,16.6,0.1,0.035,-6.1,-0.1,1891857,Milwaukee Bucks,48,34,0.585,27-14,20-20,East,11,0.05285811771185666
Bryce McGowens,POR,SG,22.0,13.0,0.0,2.5,0.286,0.0,0.833,0.2,0.2,0.1,0.0,0.3,1.0,1.7,0.391,26.8,-0.1,-0.172,-13.6,-0.1,2019699,Portland Trail Blazers,36,46,0.439,22-19,14-27,West,21,-0.04951232832219058
PJ Dozier,MIN,SG,28.0,9.0,0.0,3.9,0.667,0.667,0.167,0.6,0.6,0.1,0.0,0.1,0.8,9.5,0.621,8.2,0.1,0.107,0.7,0.0,2087519,Minnesota Timberwolves,49,33,0.598,25-16,24-17,West,10,0.0479037556065358
Joe Ingles,MIN,SF,37.0,19.0,1.0,6.0,0.261,0.2,,0.6,1.2,0.1,0.0,0.5,0.8,2.4,0.326,12.2,-0.1,-0.035,-7.0,-0.1,2087519,Minnesota Timberwolves,49,33,0.598,25-16,24-17,West,10,-0.0479037556065358
James Johnson,IND,PF,37.0,12.0,0.0,3.1,0.364,0.0,0.0,0.5,0.3,0.0,0.2,0.3,0.7,0.0,0.35,18.0,-0.1,-0.162,-9.7,-0.1,2087519,Indiana Pacers,50,32,0.61,29-11,20-20,East,6,-0.0479037556065358
Stanley Umude,MIL,SG,25.0,22.0,0.0,3.9,0.192,0.2,0.5,0.8,0.2,0.1,0.3,0.1,0.7,3.4,0.27,15.7,-0.2,-0.086,-8.1,-0.1,2120693,Milwaukee Bucks,48,34,0.585,27-14,20-20,East,11,-0.0943087943422268
Jalen McDaniels,WAS,SF,27.0,4.0,0.0,1.8,,,,0.0,0.3,0.3,0.0,0.0,0.0,10.9,,0.0,0.0,0.114,5.6,0.0,4741800,Washington Wizards,18,64,0.22,8-32,10-31,East,29,0.0
